method_id,trajectory_id,checkpoint,change_detection_f1,change_detection_precision,change_detection_recall,changed_path_count,changed_state_accuracy,correct_cell_count,correct_change_f1,correct_change_precision,correct_change_recall,dynamic_path_count,dynamic_path_final_state_accuracy,evidence_citation_precision,evidence_hit_rate,exact_state_match,final_state_accuracy,status_accuracy,unchanged_path_count,unchanged_state_accuracy,value_accuracy
fc_openrouter_llama_4_maverick,traj_001,15,0.9090909090909091,0.8333333333333334,1.0,5,1.0,33,0.9090909090909091,0.8333333333333334,1.0,25,0.96,1.0,1.0,False,0.9705882352941176,0.9705882352941176,29,0.9655172413793104,0.9705882352941176
fc_openrouter_llama_4_maverick,traj_001,30,0.9090909090909091,0.8333333333333334,1.0,5,0.2,29,0.1818181818181818,0.16666666666666666,0.2,25,0.84,0.2,0.2,False,0.8529411764705882,0.9411764705882353,29,0.9655172413793104,0.9117647058823529
fc_openrouter_llama_4_maverick,traj_001,45,0.9090909090909091,0.8333333333333334,1.0,5,1.0,33,0.9090909090909091,0.8333333333333334,1.0,25,1.0,0.4,0.4,False,0.9705882352941176,1.0,29,0.9655172413793104,0.9705882352941176
fc_openrouter_llama_4_maverick,traj_001,60,0.7692307692307692,0.8333333333333334,0.7142857142857143,7,0.7142857142857143,31,0.7692307692307692,0.8333333333333334,0.7142857142857143,25,0.92,0.4,0.2857142857142857,False,0.9117647058823529,0.9705882352941176,27,0.9629629629629629,0.9117647058823529
fc_openrouter_llama_4_maverick,traj_001,75,0.625,0.8333333333333334,0.5,10,0.5,28,0.625,0.8333333333333334,0.5,25,0.8,0.4,0.2,False,0.8235294117647058,0.9411764705882353,24,0.9583333333333334,0.8235294117647058
fc_openrouter_llama_4_maverick,traj_001,90,0.7368421052631577,0.7,0.7777777777777778,9,0.3333333333333333,25,0.3157894736842105,0.3,0.3333333333333333,25,0.68,0.42857142857142855,0.3333333333333333,False,0.7352941176470589,0.8529411764705882,25,0.88,0.8235294117647058
fc_openrouter_llama_4_maverick,traj_001,105,0.6666666666666666,0.8,0.5714285714285714,14,0.35714285714285715,23,0.41666666666666663,0.5,0.35714285714285715,25,0.6,0.875,0.5,False,0.6764705882352942,0.8235294117647058,20,0.9,0.7058823529411765
fc_openrouter_llama_4_maverick,traj_001,120,0.7857142857142856,0.8461538461538461,0.7333333333333333,15,0.6,26,0.6428571428571429,0.6923076923076923,0.6,25,0.72,0.55,0.7333333333333333,False,0.7647058823529411,0.9411764705882353,19,0.8947368421052632,0.7647058823529411
fc_openrouter_llama_4_maverick,traj_001,135,0.7857142857142856,0.8461538461538461,0.7333333333333333,15,0.6,26,0.6428571428571429,0.6923076923076923,0.6,25,0.72,0.4,0.5333333333333333,False,0.7647058823529411,0.9411764705882353,19,0.8947368421052632,0.7647058823529411
fc_openrouter_llama_4_maverick,traj_001,150,0.7142857142857143,0.7142857142857143,0.7142857142857143,14,0.2857142857142857,20,0.2857142857142857,0.2857142857142857,0.2857142857142857,25,0.48,0.14285714285714285,0.14285714285714285,False,0.5882352941176471,0.7941176470588235,20,0.8,0.6470588235294118
fc_openrouter_llama_4_maverick,traj_001,165,0.7586206896551724,0.7857142857142857,0.7333333333333333,15,0.3333333333333333,21,0.3448275862068965,0.35714285714285715,0.3333333333333333,25,0.52,0.2222222222222222,0.26666666666666666,False,0.6176470588235294,0.8235294117647058,19,0.8421052631578947,0.7352941176470589
fc_openrouter_llama_4_maverick,traj_001,180,0.7333333333333334,0.7857142857142857,0.6875,16,0.3125,20,0.3333333333333333,0.35714285714285715,0.3125,25,0.48,0.21052631578947367,0.25,False,0.5882352941176471,0.8235294117647058,18,0.8333333333333334,0.7058823529411765
fc_openrouter_llama_4_maverick,traj_001,195,0.7741935483870968,0.8571428571428571,0.7058823529411765,17,0.47058823529411764,23,0.5161290322580646,0.5714285714285714,0.47058823529411764,25,0.6,0.2,0.23529411764705882,False,0.6764705882352942,0.9117647058823529,17,0.8823529411764706,0.7058823529411765
fc_openrouter_llama_4_maverick,traj_001,210,0.8125,0.8666666666666667,0.7647058823529411,17,0.47058823529411764,23,0.5,0.5333333333333333,0.47058823529411764,25,0.6,0.2857142857142857,0.23529411764705882,False,0.6764705882352942,0.9117647058823529,17,0.8823529411764706,0.7058823529411765
fc_openrouter_llama_4_maverick,traj_001,225,0.8387096774193549,0.9285714285714286,0.7647058823529411,17,0.5294117647058824,25,0.5806451612903226,0.6428571428571429,0.5294117647058824,25,0.64,0.25,0.29411764705882354,False,0.7352941176470589,0.9117647058823529,17,0.9411764705882353,0.7647058823529411
fc_openrouter_llama_4_maverick,traj_001,240,0.8125,0.8666666666666667,0.7647058823529411,17,0.35294117647058826,21,0.37500000000000006,0.4,0.35294117647058826,25,0.52,0.20833333333333334,0.29411764705882354,False,0.6176470588235294,0.8529411764705882,17,0.8823529411764706,0.6764705882352942
fc_openrouter_llama_4_maverick,traj_001,255,0.4347826086956522,1.0,0.2777777777777778,18,0.0,16,0.0,0.0,0.0,25,0.28,0.0,0.0,False,0.47058823529411764,0.8235294117647058,16,1.0,0.5
fc_openrouter_llama_4_maverick,traj_001,270,0.4166666666666667,0.8333333333333334,0.2777777777777778,18,0.0,15,0.0,0.0,0.0,25,0.28,0.0,0.0,False,0.4411764705882353,0.8235294117647058,16,0.9375,0.47058823529411764
fc_openrouter_llama_4_maverick,traj_001,285,0.4166666666666667,0.8333333333333334,0.2777777777777778,18,0.0,15,0.0,0.0,0.0,25,0.28,0.0,0.0,False,0.4411764705882353,0.7941176470588235,16,0.9375,0.47058823529411764
fc_openrouter_llama_4_maverick,traj_001,300,0.4347826086956522,1.0,0.2777777777777778,18,0.0,16,0.0,0.0,0.0,25,0.28,0.0,0.0,False,0.47058823529411764,0.8235294117647058,16,1.0,0.5
fc_openrouter_llama_4_maverick,traj_002,15,0.6666666666666666,0.5,1.0,1,1.0,33,0.6666666666666666,0.5,1.0,25,1.0,1.0,1.0,False,0.9705882352941176,1.0,33,0.9696969696969697,0.9705882352941176
fc_openrouter_llama_4_maverick,traj_002,30,0.5714285714285715,0.4,1.0,2,1.0,31,0.5714285714285715,0.4,1.0,25,0.96,1.0,1.0,False,0.9117647058823529,0.9705882352941176,32,0.90625,0.9117647058823529
fc_openrouter_llama_4_maverick,traj_002,45,0.7368421052631579,0.5833333333333334,1.0,7,0.5714285714285714,26,0.4210526315789474,0.3333333333333333,0.5714285714285714,25,0.88,0.875,1.0,False,0.7647058823529411,0.9117647058823529,27,0.8148148148148148,0.7647058823529411
fc_openrouter_llama_4_maverick,traj_002,60,0.5454545454545454,0.5,0.6,10,0.2,20,0.1818181818181818,0.16666666666666666,0.2,25,0.64,0.5714285714285714,0.4,False,0.5882352941176471,0.8529411764705882,24,0.75,0.5882352941176471
fc_openrouter_llama_4_maverick,traj_002,75,0.7777777777777778,0.6363636363636364,1.0,7,0.8571428571428571,29,0.6666666666666665,0.5454545454545454,0.8571428571428571,25,0.96,1.0,0.8571428571428571,False,0.8529411764705882,0.9117647058823529,27,0.8518518518518519,0.8529411764705882
fc_openrouter_llama_4_maverick,traj_002,90,0.5217391304347825,0.375,0.8571428571428571,7,0.2857142857142857,19,0.17391304347826086,0.125,0.2857142857142857,25,0.6,0.6666666666666666,0.5714285714285714,False,0.5588235294117647,0.5882352941176471,27,0.6296296296296297,0.8529411764705882
fc_openrouter_llama_4_maverick,traj_002,105,0.5714285714285714,0.46153846153846156,0.75,8,0.625,24,0.4761904761904762,0.38461538461538464,0.625,25,0.8,0.2857142857142857,0.25,False,0.7058823529411765,0.8235294117647058,26,0.7307692307692307,0.8235294117647058
fc_openrouter_llama_4_maverick,traj_002,120,0.6956521739130435,0.5714285714285714,0.8888888888888888,9,0.5555555555555556,24,0.43478260869565216,0.35714285714285715,0.5555555555555556,25,0.8,0.25,0.2222222222222222,False,0.7058823529411765,0.7941176470588235,25,0.76,0.7941176470588235
fc_openrouter_llama_4_maverick,traj_002,135,0.5599999999999999,0.5384615384615384,0.5833333333333334,12,0.25,19,0.24000000000000002,0.23076923076923078,0.25,25,0.6,0.05263157894736842,0.08333333333333333,False,0.5588235294117647,0.7058823529411765,22,0.7272727272727273,0.7352941176470589
fc_openrouter_llama_4_maverick,traj_002,150,0.7142857142857143,0.625,0.8333333333333334,12,0.4166666666666667,21,0.35714285714285715,0.3125,0.4166666666666667,25,0.68,0.25,0.25,False,0.6176470588235294,0.7352941176470589,22,0.7272727272727273,0.7941176470588235
fc_openrouter_llama_4_maverick,traj_002,165,0.742857142857143,0.6842105263157895,0.8125,16,0.375,18,0.34285714285714286,0.3157894736842105,0.375,25,0.56,0.4,0.375,False,0.5294117647058824,0.6764705882352942,18,0.6666666666666666,0.7058823529411765
fc_openrouter_llama_4_maverick,traj_002,180,0.7058823529411765,0.6666666666666666,0.75,16,0.125,14,0.11764705882352941,0.1111111111111111,0.125,25,0.4,0.3125,0.3125,False,0.4117647058823529,0.7647058823529411,18,0.6666666666666666,0.5882352941176471
fc_openrouter_llama_4_maverick,traj_002,195,0.5599999999999999,0.5384615384615384,0.5833333333333334,12,0.25,19,0.24000000000000002,0.23076923076923078,0.25,25,0.6,0.3,0.25,False,0.5588235294117647,0.6764705882352942,22,0.7272727272727273,0.7352941176470589
fc_openrouter_llama_4_maverick,traj_002,210,0.4166666666666667,0.3125,0.625,8,0.125,16,0.08333333333333333,0.0625,0.125,25,0.48,0.3333333333333333,0.25,False,0.47058823529411764,0.5882352941176471,26,0.5769230769230769,0.7058823529411765
fc_openrouter_llama_4_maverick,traj_002,225,0.4166666666666667,0.3333333333333333,0.5555555555555556,9,0.5555555555555556,20,0.4166666666666667,0.3333333333333333,0.5555555555555556,25,0.64,0.8,0.4444444444444444,False,0.5882352941176471,0.7647058823529411,25,0.6,0.7058823529411765
fc_openrouter_llama_4_maverick,traj_002,240,0.4666666666666666,0.3888888888888889,0.5833333333333334,12,0.08333333333333333,12,0.06666666666666667,0.05555555555555555,0.08333333333333333,25,0.36,0.375,0.25,False,0.35294117647058826,0.47058823529411764,22,0.5,0.6470588235294118
fc_openrouter_llama_4_maverick,traj_002,255,0.42857142857142855,0.375,0.5,12,0.16666666666666666,14,0.14285714285714288,0.125,0.16666666666666666,25,0.4,0.15384615384615385,0.16666666666666666,False,0.4117647058823529,0.5588235294117647,22,0.5454545454545454,0.6470588235294118
fc_openrouter_llama_4_maverick,traj_002,270,0.3448275862068965,0.3333333333333333,0.35714285714285715,14,0.0,10,0.0,0.0,0.0,25,0.28,0.06666666666666667,0.07142857142857142,False,0.29411764705882354,0.5294117647058824,20,0.5,0.5588235294117647
fc_openrouter_llama_4_maverick,traj_002,285,0.5714285714285715,0.6153846153846154,0.5333333333333333,15,0.4,20,0.42857142857142855,0.46153846153846156,0.4,25,0.64,0.46153846153846156,0.4,False,0.5882352941176471,0.7647058823529411,19,0.7368421052631579,0.6764705882352942
fc_openrouter_llama_4_maverick,traj_002,300,0.5,0.5,0.5,16,0.0,10,0.0,0.0,0.0,25,0.24,0.15384615384615385,0.125,False,0.29411764705882354,0.4411764705882353,18,0.5555555555555556,0.5294117647058824
fc_openrouter_llama_4_maverick,traj_003,15,1.0,1.0,1.0,5,1.0,34,1.0,1.0,1.0,25,1.0,1.0,1.0,True,1.0,1.0,29,1.0,1.0
fc_openrouter_llama_4_maverick,traj_003,30,0.7692307692307692,0.7142857142857143,0.8333333333333334,6,0.8333333333333334,31,0.7692307692307692,0.7142857142857143,0.8333333333333334,25,0.96,0.5714285714285714,0.6666666666666666,False,0.9117647058823529,0.9705882352941176,28,0.9285714285714286,0.9117647058823529
fc_openrouter_llama_4_maverick,traj_003,45,0.8571428571428571,0.75,1.0,6,0.5,29,0.42857142857142855,0.375,0.5,25,0.88,0.5,0.5,False,0.8529411764705882,0.9411764705882353,28,0.9285714285714286,0.9117647058823529
fc_openrouter_llama_4_maverick,traj_003,60,0.7999999999999999,0.75,0.8571428571428571,7,0.5714285714285714,29,0.5333333333333333,0.5,0.5714285714285714,25,0.88,0.3333333333333333,0.2857142857142857,False,0.8529411764705882,0.9117647058823529,27,0.9259259259259259,0.9117647058823529
fc_openrouter_llama_4_maverick,traj_003,75,0.8750000000000001,0.7777777777777778,1.0,7,1.0,32,0.8750000000000001,0.7777777777777778,1.0,25,1.0,0.5,0.5714285714285714,False,0.9411764705882353,1.0,27,0.9259259259259259,0.9411764705882353
fc_openrouter_llama_4_maverick,traj_003,90,0.7777777777777778,0.7777777777777778,0.7777777777777778,9,0.7777777777777778,30,0.7777777777777778,0.7777777777777778,0.7777777777777778,25,0.92,0.5,0.4444444444444444,False,0.8823529411764706,0.9705882352941176,25,0.92,0.8823529411764706
fc_openrouter_llama_4_maverick,traj_003,105,0.7826086956521738,0.8181818181818182,0.75,12,0.6666666666666666,28,0.6956521739130435,0.7272727272727273,0.6666666666666666,25,0.84,0.5555555555555556,0.4166666666666667,False,0.8235294117647058,0.9411764705882353,22,0.9090909090909091,0.8529411764705882
fc_openrouter_llama_4_maverick,traj_003,120,0.6956521739130435,0.7272727272727273,0.6666666666666666,12,0.5833333333333334,26,0.6086956521739131,0.6363636363636364,0.5833333333333334,25,0.76,0.125,0.08333333333333333,False,0.7647058823529411,0.9411764705882353,22,0.8636363636363636,0.7941176470588235
fc_openrouter_llama_4_maverick,traj_003,135,0.6956521739130435,0.6666666666666666,0.7272727272727273,11,0.36363636363636365,23,0.34782608695652173,0.3333333333333333,0.36363636363636365,25,0.64,0.4444444444444444,0.36363636363636365,False,0.6764705882352942,0.8529411764705882,23,0.8260869565217391,0.7352941176470589
fc_openrouter_llama_4_maverick,traj_003,150,0.75,0.75,0.75,12,0.4166666666666667,24,0.4166666666666667,0.4166666666666667,0.4166666666666667,25,0.64,0.38461538461538464,0.4166666666666667,False,0.7058823529411765,0.8529411764705882,22,0.8636363636363636,0.7647058823529411
fc_openrouter_llama_4_maverick,traj_003,165,0.689655172413793,0.7142857142857143,0.6666666666666666,15,0.2,18,0.20689655172413796,0.21428571428571427,0.2,25,0.44,0.16666666666666666,0.13333333333333333,False,0.5294117647058824,0.8529411764705882,19,0.7894736842105263,0.5882352941176471
fc_openrouter_llama_4_maverick,traj_003,180,0.6428571428571429,0.6923076923076923,0.6,15,0.26666666666666666,19,0.28571428571428575,0.3076923076923077,0.26666666666666666,25,0.48,0.4444444444444444,0.26666666666666666,False,0.5588235294117647,0.8235294117647058,19,0.7894736842105263,0.6470588235294118
fc_openrouter_llama_4_maverick,traj_003,195,0.7058823529411765,0.75,0.6666666666666666,18,0.3888888888888889,19,0.411764705882353,0.4375,0.3888888888888889,25,0.44,0.5454545454545454,0.3333333333333333,False,0.5588235294117647,0.8235294117647058,16,0.75,0.6176470588235294
fc_openrouter_llama_4_maverick,traj_003,210,0.742857142857143,0.8125,0.6842105263157895,19,0.3684210526315789,19,0.39999999999999997,0.4375,0.3684210526315789,25,0.48,0.45454545454545453,0.2631578947368421,False,0.5588235294117647,0.8529411764705882,15,0.8,0.5882352941176471
fc_openrouter_llama_4_maverick,traj_003,225,0.8421052631578948,0.8888888888888888,0.8,20,0.55,23,0.5789473684210527,0.6111111111111112,0.55,25,0.64,0.391304347826087,0.45,False,0.6764705882352942,0.9411764705882353,14,0.8571428571428571,0.6764705882352942
fc_openrouter_llama_4_maverick,traj_003,240,0.8780487804878048,0.8571428571428571,0.9,20,0.65,24,0.6341463414634146,0.6190476190476191,0.65,25,0.68,0.38461538461538464,0.5,False,0.7058823529411765,0.9411764705882353,14,0.7857142857142857,0.7058823529411765
fc_openrouter_llama_4_maverick,traj_003,255,0.7058823529411764,0.8571428571428571,0.6,20,0.4,20,0.47058823529411764,0.5714285714285714,0.4,25,0.52,0.15789473684210525,0.15,False,0.5882352941176471,0.9411764705882353,14,0.8571428571428571,0.5882352941176471
fc_openrouter_llama_4_maverick,traj_003,270,0.742857142857143,0.8125,0.6842105263157895,19,0.5263157894736842,22,0.5714285714285714,0.625,0.5263157894736842,25,0.6,0.38461538461538464,0.2631578947368421,False,0.6470588235294118,0.9117647058823529,15,0.8,0.6470588235294118
fc_openrouter_llama_4_maverick,traj_003,285,0.7647058823529413,0.8666666666666667,0.6842105263157895,19,0.5263157894736842,23,0.5882352941176471,0.6666666666666666,0.5263157894736842,25,0.64,0.16,0.21052631578947367,False,0.6764705882352942,0.9411764705882353,15,0.8666666666666667,0.6764705882352942
fc_openrouter_llama_4_maverick,traj_003,300,0.7272727272727273,0.8571428571428571,0.631578947368421,19,0.3157894736842105,19,0.36363636363636365,0.42857142857142855,0.3157894736842105,25,0.44,0.0,0.0,False,0.5588235294117647,0.9411764705882353,15,0.8666666666666667,0.5588235294117647
fc_openrouter_llama_4_maverick,traj_004,15,1.0,1.0,1.0,2,1.0,34,1.0,1.0,1.0,25,1.0,0.25,0.5,True,1.0,1.0,32,1.0,1.0
fc_openrouter_llama_4_maverick,traj_004,30,0.5714285714285715,0.5,0.6666666666666666,3,0.6666666666666666,31,0.5714285714285715,0.5,0.6666666666666666,25,0.96,0.16666666666666666,0.3333333333333333,False,0.9117647058823529,0.9705882352941176,31,0.9354838709677419,0.9117647058823529
fc_openrouter_llama_4_maverick,traj_004,45,0.8,0.6666666666666666,1.0,4,0.75,31,0.6,0.5,0.75,25,0.96,0.2727272727272727,0.75,False,0.9117647058823529,0.9705882352941176,30,0.9333333333333333,0.9411764705882353
fc_openrouter_llama_4_maverick,traj_004,60,0.7272727272727273,0.5714285714285714,1.0,4,0.75,30,0.5454545454545454,0.42857142857142855,0.75,25,0.96,0.23076923076923078,0.75,False,0.8823529411764706,0.9411764705882353,30,0.9,0.9117647058823529
fc_openrouter_llama_4_maverick,traj_004,75,0.7777777777777778,0.7777777777777778,0.7777777777777778,9,0.6666666666666666,29,0.6666666666666666,0.6666666666666666,0.6666666666666666,25,0.88,0.35294117647058826,0.6666666666666666,False,0.8529411764705882,0.9411764705882353,25,0.92,0.8823529411764706
fc_openrouter_llama_4_maverick,traj_004,90,0.8421052631578948,0.8,0.8888888888888888,9,0.6666666666666666,29,0.631578947368421,0.6,0.6666666666666666,25,0.88,0.2857142857142857,0.6666666666666666,False,0.8529411764705882,0.9705882352941176,25,0.92,0.8823529411764706
fc_openrouter_llama_4_maverick,traj_004,105,0.42857142857142855,0.6,0.3333333333333333,9,0.2222222222222222,25,0.2857142857142857,0.4,0.2222222222222222,25,0.72,0.6666666666666666,0.2222222222222222,False,0.7352941176470589,0.8529411764705882,25,0.92,0.7352941176470589
fc_openrouter_llama_4_maverick,traj_004,120,0.7368421052631577,0.7,0.7777777777777778,9,0.3333333333333333,25,0.3157894736842105,0.3,0.3333333333333333,25,0.76,0.1,0.2222222222222222,False,0.7352941176470589,0.8529411764705882,25,0.88,0.7941176470588235
fc_openrouter_llama_4_maverick,traj_004,135,0.6153846153846154,0.8,0.5,16,0.0625,17,0.07692307692307693,0.1,0.0625,25,0.4,0.0,0.0,False,0.5,0.7941176470588235,18,0.8888888888888888,0.6176470588235294
fc_openrouter_llama_4_maverick,traj_004,150,0.6428571428571429,0.75,0.5625,16,0.375,21,0.42857142857142855,0.5,0.375,25,0.6,0.2222222222222222,0.125,False,0.6176470588235294,0.8529411764705882,18,0.8333333333333334,0.7058823529411765
fc_openrouter_llama_4_maverick,traj_004,165,0.6896551724137931,0.7692307692307693,0.625,16,0.375,21,0.41379310344827586,0.46153846153846156,0.375,25,0.6,0.2727272727272727,0.1875,False,0.6176470588235294,0.8529411764705882,18,0.8333333333333334,0.7058823529411765
fc_openrouter_llama_4_maverick,traj_004,180,0.7096774193548387,0.8461538461538461,0.6111111111111112,18,0.4444444444444444,22,0.5161290322580646,0.6153846153846154,0.4444444444444444,25,0.6,0.20689655172413793,0.3333333333333333,False,0.6470588235294118,0.8823529411764706,16,0.875,0.7058823529411765
fc_openrouter_llama_4_maverick,traj_004,195,0.6451612903225806,0.7692307692307693,0.5555555555555556,18,0.2777777777777778,18,0.3225806451612903,0.38461538461538464,0.2777777777777778,25,0.48,0.1,0.05555555555555555,False,0.5294117647058824,0.8235294117647058,16,0.8125,0.6176470588235294
fc_openrouter_llama_4_maverick,traj_004,210,0.6842105263157895,0.7647058823529411,0.6190476190476191,21,0.42857142857142855,18,0.4736842105263158,0.5294117647058824,0.42857142857142855,25,0.44,0.25,0.19047619047619047,False,0.5294117647058824,0.8235294117647058,13,0.6923076923076923,0.6176470588235294
fc_openrouter_llama_4_maverick,traj_004,225,0.7027027027027026,0.8125,0.6190476190476191,21,0.3333333333333333,17,0.37837837837837834,0.4375,0.3333333333333333,25,0.4,0.3,0.2857142857142857,False,0.5,0.8235294117647058,13,0.7692307692307693,0.5588235294117647
fc_openrouter_llama_4_maverick,traj_004,240,0.8510638297872339,0.7692307692307693,0.9523809523809523,21,0.7142857142857143,22,0.6382978723404256,0.5769230769230769,0.7142857142857143,25,0.68,0.17647058823529413,0.5714285714285714,False,0.6470588235294118,0.7647058823529411,13,0.5384615384615384,0.7647058823529411
fc_openrouter_llama_4_maverick,traj_004,255,0.7804878048780488,0.8421052631578947,0.7272727272727273,22,0.6363636363636364,23,0.6829268292682926,0.7368421052631579,0.6363636363636364,25,0.64,0.25,0.4090909090909091,False,0.6764705882352942,0.8823529411764706,12,0.75,0.7058823529411765
fc_openrouter_llama_4_maverick,traj_004,270,0.8301886792452831,0.7096774193548387,1.0,22,0.7727272727272727,20,0.6415094339622641,0.5483870967741935,0.7727272727272727,25,0.68,0.3888888888888889,0.3181818181818182,False,0.5882352941176471,0.6764705882352942,12,0.25,0.6764705882352942
fc_openrouter_llama_4_maverick,traj_004,285,0.7368421052631579,0.875,0.6363636363636364,22,0.4090909090909091,19,0.47368421052631576,0.5625,0.4090909090909091,25,0.48,0.11764705882352941,0.09090909090909091,False,0.5588235294117647,0.8823529411764706,12,0.8333333333333334,0.6176470588235294
fc_openrouter_llama_4_maverick,traj_004,300,0.8108108108108109,0.8333333333333334,0.7894736842105263,19,0.5263157894736842,22,0.5405405405405405,0.5555555555555556,0.5263157894736842,25,0.6,0.11363636363636363,0.2631578947368421,False,0.6470588235294118,0.8823529411764706,15,0.8,0.6764705882352942
fc_openrouter_llama_4_maverick,traj_005,15,0.888888888888889,1.0,0.8,5,0.8,33,0.888888888888889,1.0,0.8,25,0.96,1.0,0.8,False,0.9705882352941176,0.9705882352941176,29,1.0,0.9705882352941176
fc_openrouter_llama_4_maverick,traj_005,30,0.9090909090909091,1.0,0.8333333333333334,6,0.8333333333333334,33,0.9090909090909091,1.0,0.8333333333333334,25,0.96,0.8333333333333334,0.8333333333333334,False,0.9705882352941176,0.9705882352941176,28,1.0,0.9705882352941176
fc_openrouter_llama_4_maverick,traj_005,45,0.7692307692307692,0.7142857142857143,0.8333333333333334,6,0.3333333333333333,28,0.30769230769230765,0.2857142857142857,0.3333333333333333,25,0.8,0.4,0.3333333333333333,False,0.8235294117647058,0.9411764705882353,28,0.9285714285714286,0.8529411764705882
fc_openrouter_llama_4_maverick,traj_005,60,0.7777777777777777,0.7,0.875,8,0.625,28,0.5555555555555556,0.5,0.625,25,0.84,0.4,0.75,False,0.8235294117647058,0.9117647058823529,26,0.8846153846153846,0.8529411764705882
fc_openrouter_llama_4_maverick,traj_005,75,0.8,1.0,0.6666666666666666,9,0.5555555555555556,30,0.6666666666666667,0.8333333333333334,0.5555555555555556,25,0.84,0.6666666666666666,0.4444444444444444,False,0.8823529411764706,0.9411764705882353,25,1.0,0.9117647058823529
fc_openrouter_llama_4_maverick,traj_005,90,0.8181818181818182,0.9,0.75,12,0.6666666666666666,29,0.7272727272727272,0.8,0.6666666666666666,25,0.84,0.7777777777777778,0.5833333333333334,False,0.8529411764705882,0.9411764705882353,22,0.9545454545454546,0.8823529411764706
fc_openrouter_llama_4_maverick,traj_005,105,0.7500000000000001,0.8181818181818182,0.6923076923076923,13,0.5384615384615384,26,0.5833333333333334,0.6363636363636364,0.5384615384615384,25,0.76,0.75,0.46153846153846156,False,0.7647058823529411,0.8529411764705882,21,0.9047619047619048,0.8235294117647058
fc_openrouter_llama_4_maverick,traj_005,120,0.7777777777777778,0.7368421052631579,0.8235294117647058,17,0.6470588235294118,23,0.6111111111111113,0.5789473684210527,0.6470588235294118,25,0.72,0.3793103448275862,0.6470588235294118,False,0.6764705882352942,0.8235294117647058,17,0.7058823529411765,0.7352941176470589
fc_openrouter_llama_4_maverick,traj_005,135,0.8125,0.7647058823529411,0.8666666666666667,15,0.7333333333333333,26,0.6875,0.6470588235294118,0.7333333333333333,25,0.8,0.42857142857142855,0.6,False,0.7647058823529411,0.8529411764705882,19,0.7894736842105263,0.7941176470588235
fc_openrouter_llama_4_maverick,traj_005,150,0.8421052631578948,0.8888888888888888,0.8,20,0.6,24,0.631578947368421,0.6666666666666666,0.6,25,0.68,0.6428571428571429,0.45,False,0.7058823529411765,0.7941176470588235,14,0.8571428571428571,0.7352941176470589
fc_openrouter_llama_4_maverick,traj_005,165,0.7222222222222222,0.6842105263157895,0.7647058823529411,17,0.35294117647058826,16,0.33333333333333337,0.3157894736842105,0.35294117647058826,25,0.36,0.3333333333333333,0.4117647058823529,False,0.47058823529411764,0.5588235294117647,17,0.5882352941176471,0.6176470588235294
fc_openrouter_llama_4_maverick,traj_005,180,0.8484848484848485,0.875,0.8235294117647058,17,0.5882352941176471,25,0.6060606060606061,0.625,0.5882352941176471,25,0.72,0.7142857142857143,0.5882352941176471,False,0.7352941176470589,0.8823529411764706,17,0.8823529411764706,0.7647058823529411
fc_openrouter_llama_4_maverick,traj_005,195,0.8108108108108107,0.75,0.8823529411764706,17,0.5882352941176471,22,0.5405405405405405,0.5,0.5882352941176471,25,0.6,0.7142857142857143,0.5882352941176471,False,0.6470588235294118,0.8235294117647058,17,0.7058823529411765,0.6764705882352942
fc_openrouter_llama_4_maverick,traj_005,210,0.823529411764706,0.7777777777777778,0.875,16,0.75,26,0.7058823529411765,0.6666666666666666,0.75,25,0.76,0.5625,0.5625,False,0.7647058823529411,0.8529411764705882,18,0.7777777777777778,0.8235294117647058
fc_openrouter_llama_4_maverick,traj_005,225,0.8205128205128205,0.7272727272727273,0.9411764705882353,17,0.7647058823529411,24,0.6666666666666667,0.5909090909090909,0.7647058823529411,25,0.72,0.2972972972972973,0.6470588235294118,False,0.7058823529411765,0.7647058823529411,17,0.6470588235294118,0.8529411764705882
fc_openrouter_llama_4_maverick,traj_005,240,0.8484848484848485,0.8235294117647058,0.875,16,0.6875,26,0.6666666666666667,0.6470588235294118,0.6875,25,0.76,0.3793103448275862,0.6875,False,0.7647058823529411,0.8823529411764706,18,0.8333333333333334,0.7941176470588235
fc_openrouter_llama_4_maverick,traj_005,255,0.742857142857143,0.8125,0.6842105263157895,19,0.47368421052631576,21,0.5142857142857142,0.5625,0.47368421052631576,25,0.56,0.23076923076923078,0.47368421052631576,False,0.6176470588235294,0.8235294117647058,15,0.8,0.6764705882352942
fc_openrouter_llama_4_maverick,traj_005,270,0.8717948717948718,0.85,0.8947368421052632,19,0.47368421052631576,21,0.46153846153846156,0.45,0.47368421052631576,25,0.56,0.1794871794871795,0.3684210526315789,False,0.6176470588235294,0.8529411764705882,15,0.8,0.7352941176470589
fc_openrouter_llama_4_maverick,traj_005,285,0.742857142857143,0.8125,0.6842105263157895,19,0.42105263157894735,20,0.45714285714285713,0.5,0.42105263157894735,25,0.52,0.5,0.3157894736842105,False,0.5882352941176471,0.8529411764705882,15,0.8,0.6470588235294118
fc_openrouter_llama_4_maverick,traj_005,300,0.7317073170731707,0.6818181818181818,0.7894736842105263,19,0.10526315789473684,10,0.0975609756097561,0.09090909090909091,0.10526315789473684,25,0.12,0.38095238095238093,0.42105263157894735,False,0.29411764705882354,0.35294117647058826,15,0.5333333333333333,0.7058823529411765
fc_openrouter_llama_4_maverick,traj_006,15,0.28571428571428575,0.5,0.2,5,0.2,29,0.28571428571428575,0.5,0.2,25,0.84,1.0,0.2,False,0.8529411764705882,0.9411764705882353,29,0.9655172413793104,0.8529411764705882
fc_openrouter_llama_4_maverick,traj_006,30,0.75,0.6666666666666666,0.8571428571428571,7,0.5714285714285714,28,0.5,0.4444444444444444,0.5714285714285714,25,0.84,1.0,0.8571428571428571,False,0.8235294117647058,0.9117647058823529,27,0.8888888888888888,0.8823529411764706
fc_openrouter_llama_4_maverick,traj_006,45,0.7058823529411765,0.6666666666666666,0.75,8,0.625,28,0.5882352941176471,0.5555555555555556,0.625,25,0.84,1.0,0.75,False,0.8235294117647058,0.9117647058823529,26,0.8846153846153846,0.8235294117647058
fc_openrouter_llama_4_maverick,traj_006,60,0.7586206896551725,0.6111111111111112,1.0,11,0.45454545454545453,21,0.3448275862068966,0.2777777777777778,0.45454545454545453,25,0.64,0.9090909090909091,0.9090909090909091,False,0.6176470588235294,0.8235294117647058,23,0.6956521739130435,0.6764705882352942
fc_openrouter_llama_4_maverick,traj_006,75,0.4761904761904762,0.7142857142857143,0.35714285714285715,14,0.35714285714285715,23,0.4761904761904762,0.7142857142857143,0.35714285714285715,25,0.6,1.0,0.35714285714285715,False,0.6764705882352942,0.8529411764705882,20,0.9,0.7352941176470589
fc_openrouter_llama_4_maverick,traj_006,90,0.6153846153846153,0.7272727272727273,0.5333333333333333,15,0.5333333333333333,24,0.6153846153846153,0.7272727272727273,0.5333333333333333,25,0.68,0.625,0.3333333333333333,False,0.7058823529411765,0.8235294117647058,19,0.8421052631578947,0.7647058823529411
fc_openrouter_llama_4_maverick,traj_006,105,0.6666666666666667,0.5555555555555556,0.8333333333333334,12,0.75,23,0.6,0.5,0.75,25,0.72,0.8,0.3333333333333333,False,0.6764705882352942,0.7941176470588235,22,0.6363636363636364,0.7058823529411765
fc_openrouter_llama_4_maverick,traj_006,120,0.7826086956521738,0.75,0.8181818181818182,11,0.8181818181818182,29,0.7826086956521738,0.75,0.8181818181818182,25,0.88,0.8181818181818182,0.8181818181818182,False,0.8529411764705882,0.9117647058823529,23,0.8695652173913043,0.8823529411764706
fc_openrouter_llama_4_maverick,traj_006,135,0.6666666666666666,0.7,0.6363636363636364,11,0.5454545454545454,26,0.5714285714285713,0.6,0.5454545454545454,25,0.76,0.7142857142857143,0.45454545454545453,False,0.7647058823529411,0.9117647058823529,23,0.8695652173913043,0.7941176470588235
fc_openrouter_llama_4_maverick,traj_006,150,0.8461538461538461,0.8461538461538461,0.8461538461538461,13,0.46153846153846156,25,0.46153846153846156,0.46153846153846156,0.46153846153846156,25,0.72,0.5454545454545454,0.46153846153846156,False,0.7352941176470589,0.9411764705882353,21,0.9047619047619048,0.7352941176470589
fc_openrouter_llama_4_maverick,traj_006,165,0.25,0.2857142857142857,0.2222222222222222,9,0.0,20,0.0,0.0,0.0,25,0.48,0.0,0.0,False,0.5882352941176471,0.8823529411764706,25,0.8,0.5882352941176471
fc_openrouter_llama_4_maverick,traj_006,180,0.22222222222222224,0.2,0.25,8,0.0,18,0.0,0.0,0.0,25,0.44,0.0,0.0,False,0.5294117647058824,0.7647058823529411,26,0.6923076923076923,0.6470588235294118
fc_openrouter_llama_4_maverick,traj_006,195,0.41666666666666663,0.38461538461538464,0.45454545454545453,11,0.18181818181818182,17,0.16666666666666669,0.15384615384615385,0.18181818181818182,25,0.4,0.2,0.09090909090909091,False,0.5,0.7647058823529411,23,0.6521739130434783,0.5882352941176471
fc_openrouter_llama_4_maverick,traj_006,210,0.64,0.7272727272727273,0.5714285714285714,14,0.35714285714285715,22,0.4,0.45454545454545453,0.35714285714285715,25,0.6,0.375,0.21428571428571427,False,0.6470588235294118,0.8823529411764706,20,0.85,0.6764705882352942
fc_openrouter_llama_4_maverick,traj_006,225,0.5384615384615384,0.5833333333333334,0.5,14,0.21428571428571427,18,0.23076923076923075,0.25,0.21428571428571427,25,0.44,0.0,0.0,False,0.5294117647058824,0.7352941176470589,20,0.75,0.6176470588235294
fc_openrouter_llama_4_maverick,traj_006,240,0.5333333333333333,0.6153846153846154,0.47058823529411764,17,0.17647058823529413,15,0.20000000000000004,0.23076923076923078,0.17647058823529413,25,0.32,0.0,0.0,False,0.4411764705882353,0.6764705882352942,17,0.7058823529411765,0.6176470588235294
fc_openrouter_llama_4_maverick,traj_006,255,0.5517241379310345,0.6666666666666666,0.47058823529411764,17,0.23529411764705882,17,0.27586206896551724,0.3333333333333333,0.23529411764705882,25,0.4,0.0,0.0,False,0.5,0.7647058823529411,17,0.7647058823529411,0.5588235294117647
fc_openrouter_llama_4_maverick,traj_006,270,0.5517241379310345,0.6666666666666666,0.47058823529411764,17,0.11764705882352941,15,0.13793103448275862,0.16666666666666666,0.11764705882352941,25,0.32,0.0,0.0,False,0.4411764705882353,0.7352941176470589,17,0.7647058823529411,0.5294117647058824
fc_openrouter_llama_4_maverick,traj_006,285,0.3703703703703704,0.38461538461538464,0.35714285714285715,14,0.07142857142857142,13,0.07407407407407408,0.07692307692307693,0.07142857142857142,25,0.24,0.0,0.0,False,0.38235294117647056,0.6764705882352942,20,0.6,0.5294117647058824
fc_openrouter_llama_4_maverick,traj_006,300,0.46153846153846156,0.46153846153846156,0.46153846153846156,13,0.23076923076923078,17,0.23076923076923078,0.23076923076923078,0.23076923076923078,25,0.4,0.125,0.07692307692307693,False,0.5,0.7647058823529411,21,0.6666666666666666,0.5588235294117647
fc_openrouter_llama_4_maverick,traj_007,15,,0.0,,0,,34,,0.0,,25,1.0,,,True,1.0,1.0,34,1.0,1.0
fc_openrouter_llama_4_maverick,traj_007,30,0.0,0.0,0.0,1,0.0,33,0.0,0.0,0.0,25,0.96,,0.0,False,0.9705882352941176,1.0,33,1.0,0.9705882352941176
fc_openrouter_llama_4_maverick,traj_007,45,0.6666666666666666,1.0,0.5,2,0.0,32,0.0,0.0,0.0,25,0.92,1.0,0.5,False,0.9411764705882353,0.9705882352941176,32,1.0,0.9705882352941176
fc_openrouter_llama_4_maverick,traj_007,60,0.4,0.25,1.0,1,0.0,30,0.0,0.0,0.0,25,0.92,,0.0,False,0.8823529411764706,0.9411764705882353,33,0.9090909090909091,0.8823529411764706
fc_openrouter_llama_4_maverick,traj_007,75,0.0,0.0,0.0,2,0.0,32,0.0,0.0,0.0,25,0.92,,0.0,False,0.9411764705882353,1.0,32,1.0,0.9411764705882353
fc_openrouter_llama_4_maverick,traj_007,90,0.0,0.0,0.0,5,0.0,29,0.0,0.0,0.0,25,0.8,,0.0,False,0.8529411764705882,0.9411764705882353,29,1.0,0.8823529411764706
fc_openrouter_llama_4_maverick,traj_007,105,0.5714285714285714,0.5714285714285714,0.5714285714285714,7,0.42857142857142855,27,0.42857142857142855,0.42857142857142855,0.42857142857142855,25,0.8,1.0,0.5714285714285714,False,0.7941176470588235,0.9411764705882353,27,0.8888888888888888,0.8235294117647058
fc_openrouter_llama_4_maverick,traj_007,120,0.0,0.0,0.0,9,0.0,25,0.0,0.0,0.0,25,0.64,,0.0,False,0.7352941176470589,0.8823529411764706,25,1.0,0.7647058823529411
fc_openrouter_llama_4_maverick,traj_007,135,0.631578947368421,0.6666666666666666,0.6,10,0.3,24,0.3157894736842105,0.3333333333333333,0.3,25,0.68,0.6,0.3,False,0.7058823529411765,0.8823529411764706,24,0.875,0.7941176470588235
fc_openrouter_llama_4_maverick,traj_007,150,0.0,0.0,0.0,11,0.0,23,0.0,0.0,0.0,25,0.56,,0.0,False,0.6764705882352942,0.8235294117647058,23,1.0,0.7352941176470589
fc_openrouter_llama_4_maverick,traj_007,165,0.0,0.0,0.0,11,0.0,23,0.0,0.0,0.0,25,0.56,,0.0,False,0.6764705882352942,0.8235294117647058,23,1.0,0.7352941176470589
fc_openrouter_llama_4_maverick,traj_007,180,0.0,0.0,0.0,12,0.0,22,0.0,0.0,0.0,25,0.52,,0.0,False,0.6470588235294118,0.8235294117647058,22,1.0,0.7058823529411765
fc_openrouter_llama_4_maverick,traj_007,195,0.0,0.0,0.0,8,0.0,26,0.0,0.0,0.0,25,0.68,,0.0,False,0.7647058823529411,0.9117647058823529,26,1.0,0.7941176470588235
fc_openrouter_llama_4_maverick,traj_007,210,0.0,0.0,0.0,12,0.0,22,0.0,0.0,0.0,25,0.52,,0.0,False,0.6470588235294118,0.8235294117647058,22,1.0,0.7352941176470589
fc_openrouter_llama_4_maverick,traj_007,225,0.6,0.75,0.5,12,0.16666666666666666,22,0.2,0.25,0.16666666666666666,25,0.6,0.16666666666666666,0.08333333333333333,False,0.6470588235294118,0.8529411764705882,22,0.9090909090909091,0.7352941176470589
fc_openrouter_llama_4_maverick,traj_007,240,0.39999999999999997,0.42857142857142855,0.375,8,0.0,22,0.0,0.0,0.0,25,0.56,0.3333333333333333,0.125,False,0.6470588235294118,0.7352941176470589,26,0.8461538461538461,0.7058823529411765
fc_openrouter_llama_4_maverick,traj_007,255,0.39999999999999997,0.42857142857142855,0.375,8,0.0,22,0.0,0.0,0.0,25,0.56,0.3333333333333333,0.125,False,0.6470588235294118,0.7352941176470589,26,0.8461538461538461,0.7058823529411765
fc_openrouter_llama_4_maverick,traj_007,270,0.2222222222222222,0.18181818181818182,0.2857142857142857,7,0.0,18,0.0,0.0,0.0,25,0.44,0.5,0.14285714285714285,False,0.5294117647058824,0.6176470588235294,27,0.6666666666666666,0.7352941176470589
fc_openrouter_llama_4_maverick,traj_007,285,0.0,0.0,0.0,11,0.0,23,0.0,0.0,0.0,25,0.56,,0.0,False,0.6764705882352942,0.8235294117647058,23,1.0,0.7647058823529411
fc_openrouter_llama_4_maverick,traj_007,300,0.7000000000000001,0.7777777777777778,0.6363636363636364,11,0.09090909090909091,22,0.09999999999999999,0.1111111111111111,0.09090909090909091,25,0.6,0.1111111111111111,0.09090909090909091,False,0.6470588235294118,0.8529411764705882,23,0.9130434782608695,0.7058823529411765
fc_openrouter_llama_4_maverick,traj_008,15,0.0,0.0,0.0,1,0.0,33,0.0,0.0,0.0,25,0.96,,0.0,False,0.9705882352941176,1.0,33,1.0,0.9705882352941176
fc_openrouter_llama_4_maverick,traj_008,30,0.6666666666666666,0.5,1.0,2,1.0,32,0.6666666666666666,0.5,1.0,25,1.0,1.0,1.0,False,0.9411764705882353,1.0,32,0.9375,0.9411764705882353
fc_openrouter_llama_4_maverick,traj_008,45,0.5714285714285715,0.4,1.0,4,1.0,28,0.5714285714285715,0.4,1.0,25,0.96,1.0,1.0,False,0.8235294117647058,0.8823529411764706,30,0.8,0.9411764705882353
fc_openrouter_llama_4_maverick,traj_008,60,0.5714285714285714,0.5714285714285714,0.5714285714285714,7,0.42857142857142855,27,0.42857142857142855,0.42857142857142855,0.42857142857142855,25,0.84,0.5,0.2857142857142857,False,0.7941176470588235,0.9411764705882353,27,0.8888888888888888,0.8235294117647058
fc_openrouter_llama_4_maverick,traj_008,75,0.631578947368421,0.6666666666666666,0.6,10,0.2,23,0.2105263157894737,0.2222222222222222,0.2,25,0.68,0.16666666666666666,0.1,False,0.6764705882352942,0.8235294117647058,24,0.875,0.7647058823529411
fc_openrouter_llama_4_maverick,traj_008,90,0.64,0.5714285714285714,0.7272727272727273,11,0.5454545454545454,23,0.4799999999999999,0.42857142857142855,0.5454545454545454,25,0.76,0.2857142857142857,0.18181818181818182,False,0.6764705882352942,0.7941176470588235,23,0.7391304347826086,0.7941176470588235
fc_openrouter_llama_4_maverick,traj_008,105,0.6,0.46153846153846156,0.8571428571428571,7,0.2857142857142857,22,0.2,0.15384615384615385,0.2857142857142857,25,0.72,0.0,0.0,False,0.6470588235294118,0.7352941176470589,27,0.7407407407407407,0.7647058823529411
fc_openrouter_llama_4_maverick,traj_008,120,0.7058823529411764,0.6,0.8571428571428571,7,0.14285714285714285,24,0.11764705882352941,0.1,0.14285714285714285,25,0.72,0.16666666666666666,0.14285714285714285,False,0.7058823529411765,0.7941176470588235,27,0.8518518518518519,0.8529411764705882
fc_openrouter_llama_4_maverick,traj_008,135,0.7000000000000001,0.5384615384615384,1.0,7,0.8571428571428571,27,0.6,0.46153846153846156,0.8571428571428571,25,0.92,0.4,0.2857142857142857,False,0.7941176470588235,0.8529411764705882,27,0.7777777777777778,0.8823529411764706
fc_openrouter_llama_4_maverick,traj_008,150,0.72,0.5625,1.0,9,0.4444444444444444,22,0.32,0.25,0.4444444444444444,25,0.68,0.5,0.3333333333333333,False,0.6470588235294118,0.7647058823529411,25,0.72,0.7352941176470589
fc_openrouter_llama_4_maverick,traj_008,165,0.64,0.5333333333333333,0.8,10,0.2,19,0.16,0.13333333333333333,0.2,25,0.56,0.4,0.2,False,0.5588235294117647,0.7058823529411765,24,0.7083333333333334,0.6764705882352942
fc_openrouter_llama_4_maverick,traj_008,180,0.7096774193548386,0.6470588235294118,0.7857142857142857,14,0.5,21,0.45161290322580644,0.4117647058823529,0.5,25,0.68,0.5833333333333334,0.5,False,0.6176470588235294,0.7941176470588235,20,0.7,0.7941176470588235
fc_openrouter_llama_4_maverick,traj_008,195,0.7692307692307692,0.6666666666666666,0.9090909090909091,11,0.9090909090909091,28,0.7692307692307692,0.6666666666666666,0.9090909090909091,25,0.92,0.8,0.7272727272727273,False,0.8235294117647058,0.9411764705882353,23,0.782608695652174,0.8235294117647058
fc_openrouter_llama_4_maverick,traj_008,210,0.7200000000000001,0.6428571428571429,0.8181818181818182,11,0.45454545454545453,23,0.4,0.35714285714285715,0.45454545454545453,25,0.72,0.3,0.2727272727272727,False,0.6764705882352942,0.8823529411764706,23,0.782608695652174,0.6764705882352942
fc_openrouter_llama_4_maverick,traj_008,225,0.75,0.6666666666666666,0.8571428571428571,14,0.35714285714285715,19,0.31250000000000006,0.2777777777777778,0.35714285714285715,25,0.56,0.4666666666666667,0.5,False,0.5588235294117647,0.8235294117647058,20,0.7,0.5588235294117647
fc_openrouter_llama_4_maverick,traj_008,240,0.6666666666666666,0.6666666666666666,0.6666666666666666,18,0.2222222222222222,14,0.2222222222222222,0.2222222222222222,0.2222222222222222,25,0.36,0.46153846153846156,0.3333333333333333,False,0.4117647058823529,0.7647058823529411,16,0.625,0.4117647058823529
fc_openrouter_llama_4_maverick,traj_008,255,0.7368421052631577,0.7,0.7777777777777778,18,0.2777777777777778,15,0.2631578947368421,0.25,0.2777777777777778,25,0.4,0.5,0.5,False,0.4411764705882353,0.7058823529411765,16,0.625,0.4411764705882353
fc_openrouter_llama_4_maverick,traj_008,270,0.6285714285714287,0.6470588235294118,0.6111111111111112,18,0.2222222222222222,14,0.22857142857142856,0.23529411764705882,0.2222222222222222,25,0.36,0.1111111111111111,0.16666666666666666,False,0.4117647058823529,0.7647058823529411,16,0.625,0.47058823529411764
fc_openrouter_llama_4_maverick,traj_008,285,0.5882352941176471,0.625,0.5555555555555556,18,0.1111111111111111,12,0.11764705882352941,0.125,0.1111111111111111,25,0.28,0.09090909090909091,0.05555555555555555,False,0.35294117647058826,0.6764705882352942,16,0.625,0.38235294117647056
fc_openrouter_llama_4_maverick,traj_008,300,0.7027027027027027,0.7222222222222222,0.6842105263157895,19,0.05263157894736842,11,0.05405405405405406,0.05555555555555555,0.05263157894736842,25,0.24,0.0,0.0,False,0.3235294117647059,0.7941176470588235,15,0.6666666666666666,0.35294117647058826
fc_openrouter_llama_4_maverick,traj_009,15,0.28571428571428575,0.5,0.2,5,0.2,29,0.28571428571428575,0.5,0.2,25,0.84,1.0,0.2,False,0.8529411764705882,0.9411764705882353,29,0.9655172413793104,0.8529411764705882
fc_openrouter_llama_4_maverick,traj_009,30,0.4444444444444444,0.6666666666666666,0.3333333333333333,6,0.16666666666666666,28,0.2222222222222222,0.3333333333333333,0.16666666666666666,25,0.8,1.0,0.3333333333333333,False,0.8235294117647058,0.9117647058823529,28,0.9642857142857143,0.8235294117647058
fc_openrouter_llama_4_maverick,traj_009,45,0.6666666666666666,0.7,0.6363636363636364,11,0.18181818181818182,22,0.1904761904761905,0.2,0.18181818181818182,25,0.64,0.8571428571428571,0.5454545454545454,False,0.6470588235294118,0.8235294117647058,23,0.8695652173913043,0.6764705882352942
fc_openrouter_llama_4_maverick,traj_009,60,0.8275862068965517,0.7058823529411765,1.0,12,0.25,20,0.20689655172413793,0.17647058823529413,0.25,25,0.6,0.25,0.25,False,0.5882352941176471,0.7352941176470589,22,0.7727272727272727,0.6470588235294118
fc_openrouter_llama_4_maverick,traj_009,75,0.7142857142857142,0.7692307692307693,0.6666666666666666,15,0.06666666666666667,17,0.07142857142857144,0.07692307692307693,0.06666666666666667,25,0.4,0.5,0.3333333333333333,False,0.5,0.5882352941176471,19,0.8421052631578947,0.7647058823529411
fc_openrouter_llama_4_maverick,traj_009,90,0.5599999999999999,0.5384615384615384,0.5833333333333334,12,0.4166666666666667,21,0.4,0.38461538461538464,0.4166666666666667,25,0.64,1.0,0.5833333333333334,False,0.6176470588235294,0.8235294117647058,22,0.7272727272727273,0.6176470588235294
fc_openrouter_llama_4_maverick,traj_009,105,0.7096774193548387,0.55,1.0,11,0.45454545454545453,19,0.3225806451612903,0.25,0.45454545454545453,25,0.56,0.42857142857142855,0.5454545454545454,False,0.5588235294117647,0.6470588235294118,23,0.6086956521739131,0.7352941176470589
fc_openrouter_llama_4_maverick,traj_009,120,0.6896551724137931,0.5555555555555556,0.9090909090909091,11,0.5454545454545454,21,0.41379310344827586,0.3333333333333333,0.5454545454545454,25,0.64,0.5,0.45454545454545453,False,0.6176470588235294,0.7941176470588235,23,0.6521739130434783,0.6176470588235294
fc_openrouter_llama_4_maverick,traj_009,135,0.7058823529411765,0.631578947368421,0.8,15,0.26666666666666666,16,0.23529411764705882,0.21052631578947367,0.26666666666666666,25,0.48,0.6363636363636364,0.4666666666666667,False,0.47058823529411764,0.6764705882352942,19,0.631578947368421,0.5588235294117647
fc_openrouter_llama_4_maverick,traj_009,150,0.7586206896551724,0.7857142857142857,0.7333333333333333,15,0.0,16,0.0,0.0,0.0,25,0.36,0.18181818181818182,0.13333333333333333,False,0.47058823529411764,0.5588235294117647,19,0.8421052631578947,0.6764705882352942
fc_openrouter_llama_4_maverick,traj_009,165,0.7878787878787878,0.6842105263157895,0.9285714285714286,14,0.0,14,0.0,0.0,0.0,25,0.32,0.25,0.14285714285714285,False,0.4117647058823529,0.47058823529411764,20,0.7,0.6470588235294118
fc_openrouter_llama_4_maverick,traj_009,180,0.7142857142857143,0.5882352941176471,0.9090909090909091,11,0.0,16,0.0,0.0,0.0,25,0.4,0.3333333333333333,0.18181818181818182,False,0.47058823529411764,0.5,23,0.6956521739130435,0.6764705882352942
fc_openrouter_llama_4_maverick,traj_009,195,0.6923076923076923,0.6,0.8181818181818182,11,0.0,17,0.0,0.0,0.0,25,0.36,0.4444444444444444,0.36363636363636365,False,0.5,0.5294117647058824,23,0.7391304347826086,0.7352941176470589
fc_openrouter_llama_4_maverick,traj_009,210,0.7333333333333334,0.6111111111111112,0.9166666666666666,12,0.5,21,0.4,0.3333333333333333,0.5,25,0.64,0.5454545454545454,0.5,False,0.6176470588235294,0.8235294117647058,22,0.6818181818181818,0.6176470588235294
fc_openrouter_llama_4_maverick,traj_009,225,0.7333333333333333,0.7333333333333333,0.7333333333333333,15,0.0,15,0.0,0.0,0.0,25,0.36,0.2727272727272727,0.2,False,0.4411764705882353,0.5294117647058824,19,0.7894736842105263,0.6470588235294118
fc_openrouter_llama_4_maverick,traj_009,240,0.6666666666666666,0.5263157894736842,0.9090909090909091,11,0.5454545454545454,20,0.39999999999999997,0.3157894736842105,0.5454545454545454,25,0.64,0.5,0.36363636363636365,False,0.5882352941176471,0.7941176470588235,23,0.6086956521739131,0.6176470588235294
fc_openrouter_llama_4_maverick,traj_009,255,0.6896551724137931,0.5555555555555556,0.9090909090909091,11,0.5454545454545454,21,0.41379310344827586,0.3333333333333333,0.5454545454545454,25,0.68,0.4444444444444444,0.36363636363636365,False,0.6176470588235294,0.8529411764705882,23,0.6521739130434783,0.6176470588235294
fc_openrouter_llama_4_maverick,traj_009,270,0.6206896551724138,0.47368421052631576,0.9,10,0.2,16,0.13793103448275862,0.10526315789473684,0.2,25,0.44,0.5,0.4,False,0.47058823529411764,0.5,24,0.5833333333333334,0.6470588235294118
fc_openrouter_llama_4_maverick,traj_009,285,0.3529411764705882,0.5,0.2727272727272727,11,0.0,20,0.0,0.0,0.0,25,0.48,0.3333333333333333,0.09090909090909091,False,0.5882352941176471,0.7058823529411765,23,0.8695652173913043,0.6764705882352942
fc_openrouter_llama_4_maverick,traj_009,300,0.6470588235294118,0.6111111111111112,0.6875,16,0.1875,14,0.17647058823529413,0.16666666666666666,0.1875,25,0.36,0.0,0.0,False,0.4117647058823529,0.7941176470588235,18,0.6111111111111112,0.47058823529411764
fc_openrouter_llama_4_maverick,traj_010,15,1.0,1.0,1.0,5,0.0,29,0.0,0.0,0.0,25,0.8,0.25,0.4,False,0.8529411764705882,0.8529411764705882,29,1.0,0.9705882352941176
fc_openrouter_llama_4_maverick,traj_010,30,0.6250000000000001,0.5555555555555556,0.7142857142857143,7,0.5714285714285714,27,0.5,0.4444444444444444,0.5714285714285714,25,0.84,0.07142857142857142,0.14285714285714285,False,0.7941176470588235,0.8823529411764706,27,0.8518518518518519,0.8235294117647058
fc_openrouter_llama_4_maverick,traj_010,45,0.6956521739130435,0.6153846153846154,0.8,10,0.8,27,0.6956521739130435,0.6153846153846154,0.8,25,0.88,0.3125,0.5,False,0.7941176470588235,0.9117647058823529,24,0.7916666666666666,0.7941176470588235
fc_openrouter_llama_4_maverick,traj_010,60,0.689655172413793,0.6666666666666666,0.7142857142857143,14,0.5714285714285714,23,0.5517241379310344,0.5333333333333333,0.5714285714285714,25,0.72,0.45454545454545453,0.35714285714285715,False,0.6764705882352942,0.8823529411764706,20,0.75,0.7352941176470589
fc_openrouter_llama_4_maverick,traj_010,75,0.7333333333333334,0.6875,0.7857142857142857,14,0.7142857142857143,25,0.6666666666666666,0.625,0.7142857142857143,25,0.8,0.5454545454545454,0.42857142857142855,False,0.7352941176470589,0.8529411764705882,20,0.75,0.7647058823529411
fc_openrouter_llama_4_maverick,traj_010,90,0.608695652173913,0.5384615384615384,0.7,10,0.6,24,0.5217391304347826,0.46153846153846156,0.6,25,0.76,0.5714285714285714,0.4,False,0.7058823529411765,0.8529411764705882,24,0.75,0.7352941176470589
fc_openrouter_llama_4_maverick,traj_010,105,0.6666666666666666,0.5,1.0,10,0.8,22,0.5333333333333333,0.4,0.8,25,0.72,0.2222222222222222,0.2,False,0.6470588235294118,0.7647058823529411,24,0.5833333333333334,0.7941176470588235
fc_openrouter_llama_4_maverick,traj_010,120,0.6206896551724137,0.5,0.8181818181818182,11,0.7272727272727273,22,0.5517241379310345,0.4444444444444444,0.7272727272727273,25,0.72,0.3333333333333333,0.2727272727272727,False,0.6470588235294118,0.7941176470588235,23,0.6086956521739131,0.7352941176470589
fc_openrouter_llama_4_maverick,traj_010,135,0.7407407407407406,0.625,0.9090909090909091,11,0.7272727272727273,25,0.5925925925925926,0.5,0.7272727272727273,25,0.8,0.4444444444444444,0.36363636363636365,False,0.7352941176470589,0.8823529411764706,23,0.7391304347826086,0.7352941176470589
fc_openrouter_llama_4_maverick,traj_010,150,0.7142857142857143,0.5882352941176471,0.9090909090909091,11,0.45454545454545453,21,0.35714285714285715,0.29411764705882354,0.45454545454545453,25,0.64,0.4,0.36363636363636365,False,0.6176470588235294,0.7941176470588235,23,0.6956521739130435,0.6470588235294118
fc_openrouter_llama_4_maverick,traj_010,165,0.7096774193548387,0.5789473684210527,0.9166666666666666,12,0.6666666666666666,22,0.5161290322580646,0.42105263157894735,0.6666666666666666,25,0.72,0.36363636363636365,0.3333333333333333,False,0.6470588235294118,0.7941176470588235,22,0.6363636363636364,0.7647058823529411
fc_openrouter_llama_4_maverick,traj_010,180,0.7333333333333334,0.6111111111111112,0.9166666666666666,12,0.6666666666666666,23,0.5333333333333333,0.4444444444444444,0.6666666666666666,25,0.72,0.23076923076923078,0.25,False,0.6764705882352942,0.8235294117647058,22,0.6818181818181818,0.7352941176470589
fc_openrouter_llama_4_maverick,traj_010,195,0.5294117647058824,0.5294117647058824,0.5294117647058824,17,0.5294117647058824,18,0.5294117647058824,0.5294117647058824,0.5294117647058824,25,0.56,0.15789473684210525,0.17647058823529413,False,0.5294117647058824,0.7058823529411765,17,0.5294117647058824,0.6764705882352942
fc_openrouter_llama_4_maverick,traj_010,210,0.6470588235294118,0.6470588235294118,0.6470588235294118,17,0.4117647058823529,18,0.4117647058823529,0.4117647058823529,0.4117647058823529,25,0.52,0.20689655172413793,0.35294117647058826,False,0.5294117647058824,0.7941176470588235,17,0.6470588235294118,0.6470588235294118
fc_openrouter_llama_4_maverick,traj_010,225,0.6470588235294118,0.6470588235294118,0.6470588235294118,17,0.4117647058823529,18,0.4117647058823529,0.4117647058823529,0.4117647058823529,25,0.52,0.10526315789473684,0.11764705882352941,False,0.5294117647058824,0.7647058823529411,17,0.6470588235294118,0.6176470588235294
fc_openrouter_llama_4_maverick,traj_010,240,0.6285714285714287,0.6111111111111112,0.6470588235294118,17,0.4117647058823529,17,0.39999999999999997,0.3888888888888889,0.4117647058823529,25,0.48,0.047619047619047616,0.058823529411764705,False,0.5,0.7941176470588235,17,0.5882352941176471,0.5882352941176471
fc_openrouter_llama_4_maverick,traj_010,255,0.7317073170731706,0.75,0.7142857142857143,21,0.42857142857142855,17,0.4390243902439024,0.45,0.42857142857142855,25,0.48,0.2916666666666667,0.3333333333333333,False,0.5,0.7352941176470589,13,0.6153846153846154,0.6176470588235294
fc_openrouter_llama_4_maverick,traj_010,270,0.7142857142857143,0.75,0.6818181818181818,22,0.45454545454545453,17,0.47619047619047616,0.5,0.45454545454545453,25,0.52,0.14285714285714285,0.13636363636363635,False,0.5,0.7058823529411765,12,0.5833333333333334,0.6470588235294118
fc_openrouter_llama_4_maverick,traj_010,285,0.7058823529411765,0.75,0.6666666666666666,18,0.3333333333333333,18,0.35294117647058826,0.375,0.3333333333333333,25,0.52,0.35294117647058826,0.3333333333333333,False,0.5294117647058824,0.8235294117647058,16,0.75,0.6176470588235294
fc_openrouter_llama_4_maverick,traj_010,300,0.7000000000000001,0.56,0.9333333333333333,15,0.0,8,0.0,0.0,0.0,25,0.12,0.2857142857142857,0.26666666666666666,False,0.23529411764705882,0.23529411764705882,19,0.42105263157894735,0.7352941176470589
fc_openrouter_llama_4_maverick,traj_011,15,,0.0,,0,,34,,0.0,,25,1.0,,,True,1.0,1.0,34,1.0,1.0
fc_openrouter_llama_4_maverick,traj_011,30,0.7692307692307693,0.625,1.0,5,0.4,28,0.3076923076923077,0.25,0.4,25,0.8,1.0,1.0,False,0.8235294117647058,0.8823529411764706,29,0.896551724137931,0.9411764705882353
fc_openrouter_llama_4_maverick,traj_011,45,0.6666666666666666,0.6666666666666666,0.6666666666666666,6,0.3333333333333333,28,0.3333333333333333,0.3333333333333333,0.3333333333333333,25,0.8,1.0,0.6666666666666666,False,0.8235294117647058,0.9117647058823529,28,0.9285714285714286,0.8529411764705882
fc_openrouter_llama_4_maverick,traj_011,60,0.6666666666666666,0.6666666666666666,0.6666666666666666,9,0.3333333333333333,25,0.3333333333333333,0.3333333333333333,0.3333333333333333,25,0.72,0.5,0.1111111111111111,False,0.7352941176470589,0.8529411764705882,25,0.88,0.8529411764705882
fc_openrouter_llama_4_maverick,traj_011,75,0.0,0.0,0.0,12,0.0,22,0.0,0.0,0.0,25,0.52,,0.0,False,0.6470588235294118,0.8235294117647058,22,1.0,0.7941176470588235
fc_openrouter_llama_4_maverick,traj_011,90,0.47058823529411764,0.4444444444444444,0.5,8,0.375,24,0.35294117647058826,0.3333333333333333,0.375,25,0.72,0.3333333333333333,0.125,False,0.7058823529411765,0.8235294117647058,26,0.8076923076923077,0.7941176470588235
fc_openrouter_llama_4_maverick,traj_011,105,0.37499999999999994,0.6,0.2727272727272727,11,0.0,21,0.0,0.0,0.0,25,0.52,0.2857142857142857,0.18181818181818182,False,0.6176470588235294,0.7941176470588235,23,0.9130434782608695,0.7647058823529411
fc_openrouter_llama_4_maverick,traj_011,120,0.5454545454545454,0.6,0.5,12,0.3333333333333333,22,0.3636363636363636,0.4,0.3333333333333333,25,0.6,0.25,0.16666666666666666,False,0.6470588235294118,0.7941176470588235,22,0.8181818181818182,0.8235294117647058
fc_openrouter_llama_4_maverick,traj_011,135,0.5263157894736842,0.8333333333333334,0.38461538461538464,13,0.23076923076923078,23,0.3157894736842105,0.5,0.23076923076923078,25,0.6,0.2857142857142857,0.15384615384615385,False,0.6764705882352942,0.8235294117647058,21,0.9523809523809523,0.7941176470588235
fc_openrouter_llama_4_maverick,traj_011,150,0.4444444444444445,1.0,0.2857142857142857,14,0.07142857142857142,21,0.11111111111111112,0.25,0.07142857142857142,25,0.48,0.25,0.14285714285714285,False,0.6176470588235294,0.8235294117647058,20,1.0,0.7352941176470589
fc_openrouter_llama_4_maverick,traj_011,165,0.5454545454545455,0.8571428571428571,0.4,15,0.06666666666666667,19,0.09090909090909091,0.14285714285714285,0.06666666666666667,25,0.44,0.3,0.2,False,0.5588235294117647,0.7941176470588235,19,0.9473684210526315,0.7058823529411765
fc_openrouter_llama_4_maverick,traj_011,180,0.5714285714285715,0.6666666666666666,0.5,12,0.25,22,0.28571428571428575,0.3333333333333333,0.25,25,0.64,0.4,0.16666666666666666,False,0.6470588235294118,0.8235294117647058,22,0.8636363636363636,0.7058823529411765
fc_openrouter_llama_4_maverick,traj_011,195,0.5555555555555556,0.8333333333333334,0.4166666666666667,12,0.25,24,0.3333333333333333,0.5,0.25,25,0.64,0.14285714285714285,0.08333333333333333,False,0.7058823529411765,0.8823529411764706,22,0.9545454545454546,0.7647058823529411
fc_openrouter_llama_4_maverick,traj_011,210,0.6,0.75,0.5,12,0.4166666666666667,25,0.5,0.625,0.4166666666666667,25,0.68,0.1111111111111111,0.08333333333333333,False,0.7352941176470589,0.8823529411764706,22,0.9090909090909091,0.7941176470588235
fc_openrouter_llama_4_maverick,traj_011,225,0.43478260869565216,0.45454545454545453,0.4166666666666667,12,0.08333333333333333,17,0.08695652173913043,0.09090909090909091,0.08333333333333333,25,0.44,0.125,0.08333333333333333,False,0.5,0.8823529411764706,22,0.7272727272727273,0.5588235294117647
fc_openrouter_llama_4_maverick,traj_011,240,0.4545454545454545,0.7142857142857143,0.3333333333333333,15,0.06666666666666667,18,0.09090909090909091,0.14285714285714285,0.06666666666666667,25,0.44,0.0,0.0,False,0.5294117647058824,0.7647058823529411,19,0.8947368421052632,0.6176470588235294
fc_openrouter_llama_4_maverick,traj_011,255,0.4615384615384615,0.5454545454545454,0.4,15,0.06666666666666667,15,0.07692307692307691,0.09090909090909091,0.06666666666666667,25,0.36,0.0,0.0,False,0.4411764705882353,0.7058823529411765,19,0.7368421052631579,0.5882352941176471
fc_openrouter_llama_4_maverick,traj_011,270,0.5,0.8333333333333334,0.35714285714285715,14,0.07142857142857142,20,0.1,0.16666666666666666,0.07142857142857142,25,0.48,0.0,0.0,False,0.5882352941176471,0.7647058823529411,20,0.95,0.6764705882352942
fc_openrouter_llama_4_maverick,traj_011,285,0.5384615384615384,0.5833333333333334,0.5,14,0.14285714285714285,17,0.15384615384615383,0.16666666666666666,0.14285714285714285,25,0.44,0.0625,0.07142857142857142,False,0.5,0.6764705882352942,20,0.75,0.6470588235294118
fc_openrouter_llama_4_maverick,traj_011,300,0.5714285714285713,0.6,0.5454545454545454,11,0.36363636363636365,23,0.380952380952381,0.4,0.36363636363636365,25,0.68,0.3333333333333333,0.18181818181818182,False,0.6764705882352942,0.8235294117647058,23,0.8260869565217391,0.7352941176470589
fc_openrouter_llama_4_maverick,traj_012,15,,0.0,,0,,33,,0.0,,25,0.96,,,False,0.9705882352941176,0.9705882352941176,34,0.9705882352941176,1.0
fc_openrouter_llama_4_maverick,traj_012,30,0.42857142857142855,0.2727272727272727,1.0,3,1.0,26,0.42857142857142855,0.2727272727272727,1.0,25,0.76,1.0,1.0,False,0.7647058823529411,0.9411764705882353,31,0.7419354838709677,0.8235294117647058
fc_openrouter_llama_4_maverick,traj_012,45,0.8333333333333333,0.7142857142857143,1.0,5,0.8,29,0.6666666666666666,0.5714285714285714,0.8,25,0.88,1.0,1.0,False,0.8529411764705882,0.9411764705882353,29,0.8620689655172413,0.8529411764705882
fc_openrouter_llama_4_maverick,traj_012,60,0.6666666666666666,0.5,1.0,6,0.6666666666666666,26,0.4444444444444444,0.3333333333333333,0.6666666666666666,25,0.76,1.0,0.8333333333333334,False,0.7647058823529411,0.9117647058823529,28,0.7857142857142857,0.7647058823529411
fc_openrouter_llama_4_maverick,traj_012,75,0.7000000000000001,0.5384615384615384,1.0,7,0.42857142857142855,24,0.3,0.23076923076923078,0.42857142857142855,25,0.68,0.5,0.42857142857142855,False,0.7058823529411765,0.9411764705882353,27,0.7777777777777778,0.7352941176470589
fc_openrouter_llama_4_maverick,traj_012,90,0.7368421052631579,0.5833333333333334,1.0,7,0.5714285714285714,26,0.4210526315789474,0.3333333333333333,0.5714285714285714,25,0.76,0.5,0.42857142857142855,False,0.7647058823529411,0.9411764705882353,27,0.8148148148148148,0.7941176470588235
fc_openrouter_llama_4_maverick,traj_012,105,0.7142857142857143,0.625,0.8333333333333334,12,0.4166666666666667,21,0.35714285714285715,0.3125,0.4166666666666667,25,0.6,0.9090909090909091,0.8333333333333334,False,0.6176470588235294,0.8529411764705882,22,0.7272727272727273,0.6176470588235294
fc_openrouter_llama_4_maverick,traj_012,120,0.8125000000000001,0.6842105263157895,1.0,13,0.3076923076923077,19,0.25,0.21052631578947367,0.3076923076923077,25,0.52,0.5833333333333334,0.5384615384615384,False,0.5588235294117647,0.7941176470588235,21,0.7142857142857143,0.6176470588235294
fc_openrouter_llama_4_maverick,traj_012,135,0.8750000000000001,0.7777777777777778,1.0,14,0.5,23,0.43750000000000006,0.3888888888888889,0.5,25,0.68,0.7857142857142857,0.7857142857142857,False,0.6764705882352942,0.8235294117647058,20,0.8,0.7058823529411765
fc_openrouter_llama_4_maverick,traj_012,150,0.8750000000000001,0.7777777777777778,1.0,14,0.42857142857142855,22,0.375,0.3333333333333333,0.42857142857142855,25,0.64,0.5454545454545454,0.42857142857142855,False,0.6470588235294118,0.8529411764705882,20,0.8,0.6764705882352942
fc_openrouter_llama_4_maverick,traj_012,165,0.8750000000000001,0.7777777777777778,1.0,14,0.5,23,0.43750000000000006,0.3888888888888889,0.5,25,0.68,0.38461538461538464,0.35714285714285715,False,0.6764705882352942,0.8823529411764706,20,0.8,0.6764705882352942
fc_openrouter_llama_4_maverick,traj_012,180,0.8749999999999999,0.8235294117647058,0.9333333333333333,15,0.4666666666666667,23,0.43749999999999994,0.4117647058823529,0.4666666666666667,25,0.68,0.45454545454545453,0.3333333333333333,False,0.6764705882352942,0.8823529411764706,19,0.8421052631578947,0.6764705882352942
fc_openrouter_llama_4_maverick,traj_012,195,0.8749999999999999,0.8235294117647058,0.9333333333333333,15,0.5333333333333333,23,0.5,0.47058823529411764,0.5333333333333333,25,0.68,0.6666666666666666,0.5333333333333333,False,0.6764705882352942,0.8529411764705882,19,0.7894736842105263,0.6764705882352942
fc_openrouter_llama_4_maverick,traj_012,210,0.8823529411764706,0.7894736842105263,1.0,15,0.4,21,0.35294117647058826,0.3157894736842105,0.4,25,0.6,0.2777777777777778,0.3333333333333333,False,0.6176470588235294,0.8529411764705882,19,0.7894736842105263,0.6176470588235294
fc_openrouter_llama_4_maverick,traj_012,225,0.8823529411764706,0.7894736842105263,1.0,15,0.4666666666666667,22,0.4117647058823529,0.3684210526315789,0.4666666666666667,25,0.64,0.3076923076923077,0.26666666666666666,False,0.6470588235294118,0.8823529411764706,19,0.7894736842105263,0.6470588235294118
fc_openrouter_llama_4_maverick,traj_012,240,0.8823529411764706,0.7894736842105263,1.0,15,0.4,21,0.35294117647058826,0.3157894736842105,0.4,25,0.6,0.21212121212121213,0.4666666666666667,False,0.6176470588235294,0.9117647058823529,19,0.7894736842105263,0.6176470588235294
fc_openrouter_llama_4_maverick,traj_012,255,0.8571428571428572,0.7894736842105263,0.9375,16,0.4375,21,0.39999999999999997,0.3684210526315789,0.4375,25,0.6,0.35714285714285715,0.3125,False,0.6176470588235294,0.8529411764705882,18,0.7777777777777778,0.6176470588235294
fc_openrouter_llama_4_maverick,traj_012,270,0.888888888888889,0.8,1.0,16,0.5,22,0.4444444444444445,0.4,0.5,25,0.64,0.4375,0.4375,False,0.6470588235294118,0.8823529411764706,18,0.7777777777777778,0.6470588235294118
fc_openrouter_llama_4_maverick,traj_012,285,0.8571428571428571,0.75,1.0,15,0.5333333333333333,22,0.4571428571428572,0.4,0.5333333333333333,25,0.64,0.4375,0.4666666666666667,False,0.6470588235294118,0.8823529411764706,19,0.7368421052631579,0.6764705882352942
fc_openrouter_llama_4_maverick,traj_012,300,0.8571428571428571,0.75,1.0,15,0.6,23,0.5142857142857143,0.45,0.6,25,0.68,0.38461538461538464,0.3333333333333333,False,0.6764705882352942,0.8529411764705882,19,0.7368421052631579,0.7058823529411765
fc_openrouter_llama_4_maverick,traj_013,15,1.0,1.0,1.0,1,0.0,33,0.0,0.0,0.0,25,0.96,1.0,1.0,False,0.9705882352941176,0.9705882352941176,33,1.0,1.0
fc_openrouter_llama_4_maverick,traj_013,30,1.0,1.0,1.0,1,0.0,33,0.0,0.0,0.0,25,0.96,1.0,1.0,False,0.9705882352941176,0.9705882352941176,33,1.0,1.0
fc_openrouter_llama_4_maverick,traj_013,45,0.25,0.5,0.16666666666666666,6,0.0,27,0.0,0.0,0.0,25,0.76,0.07692307692307693,0.16666666666666666,False,0.7941176470588235,0.9117647058823529,28,0.9642857142857143,0.8235294117647058
fc_openrouter_llama_4_maverick,traj_013,60,0.8,0.6666666666666666,1.0,6,0.6666666666666666,29,0.5333333333333333,0.4444444444444444,0.6666666666666666,25,0.88,0.4,0.3333333333333333,False,0.8529411764705882,0.9117647058823529,28,0.8928571428571429,0.8823529411764706
fc_openrouter_llama_4_maverick,traj_013,75,0.7777777777777778,0.6363636363636364,1.0,7,0.7142857142857143,28,0.5555555555555556,0.45454545454545453,0.7142857142857143,25,0.88,0.8333333333333334,0.7142857142857143,False,0.8235294117647058,0.8823529411764706,27,0.8518518518518519,0.8529411764705882
fc_openrouter_llama_4_maverick,traj_013,90,0.782608695652174,0.6428571428571429,1.0,9,0.8888888888888888,28,0.6956521739130435,0.5714285714285714,0.8888888888888888,25,0.88,0.625,0.5555555555555556,False,0.8235294117647058,0.8823529411764706,25,0.8,0.8235294117647058
fc_openrouter_llama_4_maverick,traj_013,105,0.7000000000000001,0.6363636363636364,0.7777777777777778,9,0.5555555555555556,26,0.5,0.45454545454545453,0.5555555555555556,25,0.76,0.3333333333333333,0.2222222222222222,False,0.7647058823529411,0.8235294117647058,25,0.84,0.7647058823529411
fc_openrouter_llama_4_maverick,traj_013,120,0.64,0.6666666666666666,0.6153846153846154,13,0.3076923076923077,21,0.32,0.3333333333333333,0.3076923076923077,25,0.6,0.1111111111111111,0.07692307692307693,False,0.6176470588235294,0.7352941176470589,21,0.8095238095238095,0.7058823529411765
fc_openrouter_llama_4_maverick,traj_013,135,0.6153846153846153,0.6666666666666666,0.5714285714285714,14,0.2857142857142857,20,0.30769230769230765,0.3333333333333333,0.2857142857142857,25,0.56,0.1111111111111111,0.07142857142857142,False,0.5882352941176471,0.7352941176470589,20,0.8,0.6764705882352942
fc_openrouter_llama_4_maverick,traj_013,150,0.6206896551724138,0.6,0.6428571428571429,14,0.42857142857142855,20,0.4137931034482759,0.4,0.42857142857142855,25,0.6,0.08333333333333333,0.07142857142857142,False,0.5882352941176471,0.7058823529411765,20,0.7,0.7352941176470589
fc_openrouter_llama_4_maverick,traj_013,165,0.6666666666666666,0.7,0.6363636363636364,11,0.36363636363636365,24,0.380952380952381,0.4,0.36363636363636365,25,0.72,0.3333333333333333,0.18181818181818182,False,0.7058823529411765,0.7941176470588235,23,0.8695652173913043,0.8235294117647058
fc_openrouter_llama_4_maverick,traj_013,180,0.5714285714285713,0.5454545454545454,0.6,10,0.4,23,0.380952380952381,0.36363636363636365,0.4,25,0.68,0.4,0.2,False,0.6764705882352942,0.7647058823529411,24,0.7916666666666666,0.8235294117647058
fc_openrouter_llama_4_maverick,traj_013,195,0.56,0.5,0.6363636363636364,11,0.45454545454545453,21,0.4,0.35714285714285715,0.45454545454545453,25,0.64,0.4444444444444444,0.36363636363636365,False,0.6176470588235294,0.7058823529411765,23,0.6956521739130435,0.8235294117647058
fc_openrouter_llama_4_maverick,traj_013,210,0.5833333333333334,0.4375,0.875,8,0.75,23,0.5,0.375,0.75,25,0.72,0.22727272727272727,0.625,False,0.6764705882352942,0.7941176470588235,26,0.6538461538461539,0.7941176470588235
fc_openrouter_llama_4_maverick,traj_013,225,0.5714285714285715,0.5,0.6666666666666666,9,0.5555555555555556,24,0.4761904761904762,0.4166666666666667,0.5555555555555556,25,0.72,0.42857142857142855,0.3333333333333333,False,0.7058823529411765,0.8529411764705882,25,0.76,0.7352941176470589
fc_openrouter_llama_4_maverick,traj_013,240,0.6666666666666666,0.7,0.6363636363636364,11,0.36363636363636365,24,0.380952380952381,0.4,0.36363636363636365,25,0.72,0.14285714285714285,0.09090909090909091,False,0.7058823529411765,0.8529411764705882,23,0.8695652173913043,0.7647058823529411
fc_openrouter_llama_4_maverick,traj_013,255,0.6666666666666666,0.6363636363636364,0.7,10,0.4,24,0.380952380952381,0.36363636363636365,0.4,25,0.72,0.42857142857142855,0.3,False,0.7058823529411765,0.8235294117647058,24,0.8333333333333334,0.7941176470588235
fc_openrouter_llama_4_maverick,traj_013,270,0.6666666666666666,0.5714285714285714,0.8,10,0.6,24,0.5,0.42857142857142855,0.6,25,0.72,0.25,0.2,False,0.7058823529411765,0.8529411764705882,24,0.75,0.7941176470588235
fc_openrouter_llama_4_maverick,traj_013,285,0.5833333333333334,0.6363636363636364,0.5384615384615384,13,0.3076923076923077,21,0.33333333333333337,0.36363636363636365,0.3076923076923077,25,0.6,0.1111111111111111,0.07692307692307693,False,0.6176470588235294,0.8823529411764706,21,0.8095238095238095,0.6470588235294118
fc_openrouter_llama_4_maverick,traj_013,300,0.7499999999999999,0.631578947368421,0.9230769230769231,13,0.6153846153846154,22,0.5,0.42105263157894735,0.6153846153846154,25,0.64,0.36363636363636365,0.3076923076923077,False,0.6470588235294118,0.7647058823529411,21,0.6666666666666666,0.7941176470588235
fc_openrouter_llama_4_maverick,traj_014,15,0.6666666666666666,0.5,1.0,1,0.0,32,0.0,0.0,0.0,25,0.96,1.0,1.0,False,0.9411764705882353,1.0,33,0.9696969696969697,0.9411764705882353
fc_openrouter_llama_4_maverick,traj_014,30,0.8,0.6666666666666666,1.0,2,0.5,32,0.4,0.3333333333333333,0.5,25,0.96,1.0,1.0,False,0.9411764705882353,1.0,32,0.96875,0.9411764705882353
fc_openrouter_llama_4_maverick,traj_014,45,0.6,0.42857142857142855,1.0,3,1.0,30,0.6,0.42857142857142855,1.0,25,0.96,1.0,1.0,False,0.8823529411764706,1.0,31,0.8709677419354839,0.8823529411764706
fc_openrouter_llama_4_maverick,traj_014,60,0.6250000000000001,0.5555555555555556,0.7142857142857143,7,0.5714285714285714,27,0.5,0.4444444444444444,0.5714285714285714,25,0.84,1.0,0.7142857142857143,False,0.7941176470588235,0.9411764705882353,27,0.8518518518518519,0.8235294117647058
fc_openrouter_llama_4_maverick,traj_014,75,0.5,0.5,0.5,8,0.375,25,0.375,0.375,0.375,25,0.76,1.0,0.5,False,0.7352941176470589,0.9411764705882353,26,0.8461538461538461,0.7941176470588235
fc_openrouter_llama_4_maverick,traj_014,90,0.6956521739130435,0.5714285714285714,0.8888888888888888,9,0.6666666666666666,25,0.5217391304347826,0.42857142857142855,0.6666666666666666,25,0.84,0.625,0.5555555555555556,False,0.7352941176470589,0.8529411764705882,25,0.76,0.8823529411764706
fc_openrouter_llama_4_maverick,traj_014,105,0.631578947368421,0.6,0.6666666666666666,9,0.5555555555555556,26,0.5263157894736842,0.5,0.5555555555555556,25,0.84,0.8333333333333334,0.5555555555555556,False,0.7647058823529411,0.9117647058823529,25,0.84,0.8235294117647058
fc_openrouter_llama_4_maverick,traj_014,120,0.7142857142857143,0.625,0.8333333333333334,6,0.6666666666666666,29,0.5714285714285715,0.5,0.6666666666666666,25,0.92,0.6,0.5,False,0.8529411764705882,1.0,28,0.8928571428571429,0.8529411764705882
fc_openrouter_llama_4_maverick,traj_014,135,0.6,0.6,0.6,10,0.4,24,0.4000000000000001,0.4,0.4,25,0.72,0.6,0.3,False,0.7058823529411765,0.9411764705882353,24,0.8333333333333334,0.7058823529411765
fc_openrouter_llama_4_maverick,traj_014,150,0.6666666666666666,0.7,0.6363636363636364,11,0.45454545454545453,25,0.47619047619047616,0.5,0.45454545454545453,25,0.76,0.7142857142857143,0.45454545454545453,False,0.7352941176470589,0.9411764705882353,23,0.8695652173913043,0.7352941176470589
fc_openrouter_llama_4_maverick,traj_014,165,0.7142857142857143,0.7142857142857143,0.7142857142857143,14,0.35714285714285715,21,0.35714285714285715,0.35714285714285715,0.35714285714285715,25,0.64,0.4,0.2857142857142857,False,0.6176470588235294,0.8529411764705882,20,0.8,0.6176470588235294
fc_openrouter_llama_4_maverick,traj_014,180,0.5833333333333334,0.5384615384615384,0.6363636363636364,11,0.36363636363636365,21,0.33333333333333337,0.3076923076923077,0.36363636363636365,25,0.6,0.42857142857142855,0.2727272727272727,False,0.6176470588235294,0.9411764705882353,23,0.7391304347826086,0.6176470588235294
fc_openrouter_llama_4_maverick,traj_014,195,0.7200000000000001,0.6428571428571429,0.8181818181818182,11,0.5454545454545454,24,0.4799999999999999,0.42857142857142855,0.5454545454545454,25,0.76,0.8571428571428571,0.5454545454545454,False,0.7058823529411765,0.8235294117647058,23,0.782608695652174,0.7352941176470589
fc_openrouter_llama_4_maverick,traj_014,210,0.7647058823529412,0.65,0.9285714285714286,14,0.42857142857142855,19,0.3529411764705882,0.3,0.42857142857142855,25,0.6,0.6666666666666666,0.5714285714285714,False,0.5588235294117647,0.7647058823529411,20,0.65,0.5882352941176471
fc_openrouter_llama_4_maverick,traj_014,225,0.7777777777777777,0.7,0.875,16,0.375,18,0.33333333333333326,0.3,0.375,25,0.52,0.46153846153846156,0.375,False,0.5294117647058824,0.7941176470588235,18,0.6666666666666666,0.6176470588235294
fc_openrouter_llama_4_maverick,traj_014,240,0.7222222222222222,0.6842105263157895,0.7647058823529411,17,0.4117647058823529,18,0.3888888888888889,0.3684210526315789,0.4117647058823529,25,0.52,0.3333333333333333,0.4117647058823529,False,0.5294117647058824,0.7647058823529411,17,0.6470588235294118,0.5882352941176471
fc_openrouter_llama_4_maverick,traj_014,255,0.7894736842105262,0.7142857142857143,0.8823529411764706,17,0.5294117647058824,20,0.4736842105263158,0.42857142857142855,0.5294117647058824,25,0.64,0.26666666666666666,0.23529411764705882,False,0.5882352941176471,0.8235294117647058,17,0.6470588235294118,0.6764705882352942
fc_openrouter_llama_4_maverick,traj_014,270,0.787878787878788,0.8125,0.7647058823529411,17,0.47058823529411764,22,0.48484848484848486,0.5,0.47058823529411764,25,0.64,0.08695652173913043,0.11764705882352941,False,0.6470588235294118,0.7941176470588235,17,0.8235294117647058,0.7058823529411765
fc_openrouter_llama_4_maverick,traj_014,285,0.25,0.5,0.16666666666666666,18,0.05555555555555555,14,0.08333333333333333,0.16666666666666666,0.05555555555555555,25,0.32,0.0,0.0,False,0.4117647058823529,0.7647058823529411,16,0.8125,0.47058823529411764
fc_openrouter_llama_4_maverick,traj_014,300,0.7777777777777778,0.6666666666666666,0.9333333333333333,15,0.6666666666666666,22,0.5555555555555556,0.47619047619047616,0.6666666666666666,25,0.72,0.5,0.4666666666666667,False,0.6470588235294118,0.7941176470588235,19,0.631578947368421,0.7058823529411765
fc_openrouter_llama_4_maverick,traj_015,15,,0.0,,0,,34,,0.0,,25,1.0,,,True,1.0,1.0,34,1.0,1.0
fc_openrouter_llama_4_maverick,traj_015,30,0.6,0.42857142857142855,1.0,3,1.0,30,0.6,0.42857142857142855,1.0,25,0.92,1.0,1.0,False,0.8823529411764706,1.0,31,0.8709677419354839,0.8823529411764706
fc_openrouter_llama_4_maverick,traj_015,45,0.5714285714285715,0.4,1.0,4,1.0,28,0.5714285714285715,0.4,1.0,25,0.84,1.0,1.0,False,0.8235294117647058,1.0,30,0.8,0.8235294117647058
fc_openrouter_llama_4_maverick,traj_015,60,0.5555555555555556,0.5,0.625,8,0.5,25,0.4444444444444445,0.4,0.5,25,0.72,0.8,0.5,False,0.7352941176470589,0.9117647058823529,26,0.8076923076923077,0.8235294117647058
fc_openrouter_llama_4_maverick,traj_015,75,0.6666666666666666,0.5,1.0,5,0.8,28,0.5333333333333333,0.4,0.8,25,0.84,0.8,0.8,False,0.8235294117647058,0.9705882352941176,29,0.8275862068965517,0.8529411764705882
fc_openrouter_llama_4_maverick,traj_015,90,0.7499999999999999,0.6,1.0,6,0.16666666666666666,25,0.125,0.1,0.16666666666666666,25,0.68,0.16666666666666666,0.16666666666666666,False,0.7352941176470589,0.9411764705882353,28,0.8571428571428571,0.7647058823529411
fc_openrouter_llama_4_maverick,traj_015,105,0.6,0.5454545454545454,0.6666666666666666,9,0.0,20,0.0,0.0,0.0,25,0.52,0.0,0.0,False,0.5882352941176471,0.8823529411764706,25,0.8,0.6764705882352942
fc_openrouter_llama_4_maverick,traj_015,120,0.761904761904762,0.7272727272727273,0.8,10,0.3,24,0.28571428571428564,0.2727272727272727,0.3,25,0.64,0.25,0.2,False,0.7058823529411765,0.8823529411764706,24,0.875,0.7941176470588235
fc_openrouter_llama_4_maverick,traj_015,135,0.6086956521739131,0.5833333333333334,0.6363636363636364,11,0.18181818181818182,20,0.17391304347826086,0.16666666666666666,0.18181818181818182,25,0.52,0.09090909090909091,0.09090909090909091,False,0.5882352941176471,0.8823529411764706,23,0.782608695652174,0.6764705882352942
fc_openrouter_llama_4_maverick,traj_015,150,0.6956521739130435,0.6666666666666666,0.7272727272727273,11,0.0,19,0.0,0.0,0.0,25,0.44,0.375,0.2727272727272727,False,0.5588235294117647,0.5882352941176471,23,0.8260869565217391,0.6470588235294118
fc_openrouter_llama_4_maverick,traj_015,165,0.6666666666666666,0.6428571428571429,0.6923076923076923,13,0.3076923076923077,20,0.29629629629629634,0.2857142857142857,0.3076923076923077,25,0.52,0.29411764705882354,0.38461538461538464,False,0.5882352941176471,0.9117647058823529,21,0.7619047619047619,0.6764705882352942
fc_openrouter_llama_4_maverick,traj_015,180,0.8275862068965518,0.8571428571428571,0.8,15,0.3333333333333333,22,0.3448275862068965,0.35714285714285715,0.3333333333333333,25,0.56,0.5833333333333334,0.4666666666666667,False,0.6470588235294118,0.8529411764705882,19,0.8947368421052632,0.7352941176470589
fc_openrouter_llama_4_maverick,traj_015,195,0.7857142857142856,0.8461538461538461,0.7333333333333333,15,0.5333333333333333,25,0.5714285714285715,0.6153846153846154,0.5333333333333333,25,0.68,0.25,0.4,False,0.7352941176470589,0.8529411764705882,19,0.8947368421052632,0.8235294117647058
fc_openrouter_llama_4_maverick,traj_015,210,0.88,0.7857142857142857,1.0,11,0.6363636363636364,27,0.56,0.5,0.6363636363636364,25,0.76,0.3684210526315789,0.6363636363636364,False,0.7941176470588235,0.9411764705882353,23,0.8695652173913043,0.8235294117647058
fc_openrouter_llama_4_maverick,traj_015,225,0.6923076923076924,0.75,0.6428571428571429,14,0.5714285714285714,25,0.6153846153846153,0.6666666666666666,0.5714285714285714,25,0.68,0.3684210526315789,0.5,False,0.7352941176470589,0.8529411764705882,20,0.85,0.7941176470588235
fc_openrouter_llama_4_maverick,traj_015,240,0.56,0.6363636363636364,0.5,14,0.42857142857142855,22,0.4799999999999999,0.5454545454545454,0.42857142857142855,25,0.6,0.4,0.42857142857142855,False,0.6470588235294118,0.8235294117647058,20,0.8,0.7058823529411765
fc_openrouter_llama_4_maverick,traj_015,255,0.6666666666666665,0.75,0.6,15,0.5333333333333333,24,0.5925925925925926,0.6666666666666666,0.5333333333333333,25,0.68,0.35,0.4666666666666667,False,0.7058823529411765,0.8529411764705882,19,0.8421052631578947,0.7352941176470589
fc_openrouter_llama_4_maverick,traj_015,270,0.7857142857142857,0.7857142857142857,0.7857142857142857,14,0.2857142857142857,21,0.2857142857142857,0.2857142857142857,0.2857142857142857,25,0.52,0.5454545454545454,0.42857142857142855,False,0.6176470588235294,0.9117647058823529,20,0.85,0.6470588235294118
fc_openrouter_llama_4_maverick,traj_015,285,0.7407407407407408,0.7692307692307693,0.7142857142857143,14,0.21428571428571427,20,0.22222222222222224,0.23076923076923078,0.21428571428571427,25,0.48,0.4444444444444444,0.2857142857142857,False,0.5882352941176471,0.9117647058823529,20,0.85,0.6176470588235294
fc_openrouter_llama_4_maverick,traj_015,300,0.75,0.75,0.75,16,0.0625,15,0.0625,0.0625,0.0625,25,0.28,0.2727272727272727,0.375,False,0.4411764705882353,0.5,18,0.7777777777777778,0.7058823529411765
fc_openrouter_llama_4_maverick,traj_016,15,0.7499999999999999,1.0,0.6,5,0.0,29,0.0,0.0,0.0,25,0.8,1.0,0.6,False,0.8529411764705882,0.8823529411764706,29,1.0,0.9411764705882353
fc_openrouter_llama_4_maverick,traj_016,30,0.9090909090909091,0.8333333333333334,1.0,5,0.0,28,0.0,0.0,0.0,25,0.8,0.16666666666666666,0.2,False,0.8235294117647058,0.9117647058823529,29,0.9655172413793104,0.8235294117647058
fc_openrouter_llama_4_maverick,traj_016,45,0.6666666666666666,0.5,1.0,10,0.5,19,0.3333333333333333,0.25,0.5,25,0.52,0.36363636363636365,0.4,False,0.5588235294117647,0.8235294117647058,24,0.5833333333333334,0.5882352941176471
fc_openrouter_llama_4_maverick,traj_016,60,0.7096774193548387,0.55,1.0,11,0.5454545454545454,20,0.3870967741935483,0.3,0.5454545454545454,25,0.56,0.45454545454545453,0.45454545454545453,False,0.5882352941176471,0.8235294117647058,23,0.6086956521739131,0.6176470588235294
fc_openrouter_llama_4_maverick,traj_016,75,0.7096774193548387,0.55,1.0,11,0.36363636363636365,18,0.25806451612903225,0.2,0.36363636363636365,25,0.48,0.36363636363636365,0.36363636363636365,False,0.5294117647058824,0.8235294117647058,23,0.6086956521739131,0.5588235294117647
fc_openrouter_llama_4_maverick,traj_016,90,0.7499999999999999,0.6,1.0,12,0.5,20,0.37499999999999994,0.3,0.5,25,0.56,0.36363636363636365,0.3333333333333333,False,0.5882352941176471,0.8529411764705882,22,0.6363636363636364,0.5882352941176471
fc_openrouter_llama_4_maverick,traj_016,105,0.7647058823529412,0.6190476190476191,1.0,13,0.07692307692307693,14,0.058823529411764705,0.047619047619047616,0.07692307692307693,25,0.32,0.3333333333333333,0.38461538461538464,False,0.4117647058823529,0.7941176470588235,21,0.6190476190476191,0.4411764705882353
fc_openrouter_llama_4_maverick,traj_016,120,0.742857142857143,0.6190476190476191,0.9285714285714286,14,0.21428571428571427,15,0.17142857142857143,0.14285714285714285,0.21428571428571427,25,0.36,0.23076923076923078,0.21428571428571427,False,0.4411764705882353,0.7941176470588235,20,0.6,0.47058823529411764
fc_openrouter_llama_4_maverick,traj_016,135,0.742857142857143,0.6190476190476191,0.9285714285714286,14,0.2857142857142857,16,0.22857142857142854,0.19047619047619047,0.2857142857142857,25,0.4,0.3333333333333333,0.2857142857142857,False,0.47058823529411764,0.7941176470588235,20,0.6,0.5
fc_openrouter_llama_4_maverick,traj_016,150,0.5517241379310346,0.4,0.8888888888888888,9,0.2222222222222222,15,0.13793103448275865,0.1,0.2222222222222222,25,0.36,0.42857142857142855,0.3333333333333333,False,0.4411764705882353,0.8529411764705882,25,0.52,0.5
fc_openrouter_llama_4_maverick,traj_016,165,0.7647058823529412,0.65,0.9285714285714286,14,0.21428571428571427,16,0.1764705882352941,0.15,0.21428571428571427,25,0.36,0.3,0.21428571428571427,False,0.47058823529411764,0.7941176470588235,20,0.65,0.5
fc_openrouter_llama_4_maverick,traj_016,180,0.7878787878787878,0.6842105263157895,0.9285714285714286,14,0.14285714285714285,16,0.12121212121212122,0.10526315789473684,0.14285714285714285,25,0.36,0.125,0.14285714285714285,False,0.47058823529411764,0.7647058823529411,20,0.7,0.5
fc_openrouter_llama_4_maverick,traj_016,195,0.7647058823529412,0.65,0.9285714285714286,14,0.2857142857142857,17,0.23529411764705882,0.2,0.2857142857142857,25,0.4,0.3333333333333333,0.2857142857142857,False,0.5,0.7941176470588235,20,0.65,0.5294117647058824
fc_openrouter_llama_4_maverick,traj_016,210,0.8823529411764706,0.8333333333333334,0.9375,16,0.375,21,0.35294117647058826,0.3333333333333333,0.375,25,0.56,0.26666666666666666,0.25,False,0.6176470588235294,0.8823529411764706,18,0.8333333333333334,0.6470588235294118
fc_openrouter_llama_4_maverick,traj_016,225,0.6666666666666666,0.5263157894736842,0.9090909090909091,11,0.45454545454545453,19,0.3333333333333333,0.2631578947368421,0.45454545454545453,25,0.48,0.4,0.36363636363636365,False,0.5588235294117647,0.9705882352941176,23,0.6086956521739131,0.5882352941176471
fc_openrouter_llama_4_maverick,traj_016,240,0.8571428571428572,0.7894736842105263,0.9375,16,0.3125,19,0.2857142857142857,0.2631578947368421,0.3125,25,0.48,0.26666666666666666,0.25,False,0.5588235294117647,0.8529411764705882,18,0.7777777777777778,0.6176470588235294
fc_openrouter_llama_4_maverick,traj_016,255,0.7999999999999999,0.6956521739130435,0.9411764705882353,17,0.35294117647058826,16,0.3,0.2608695652173913,0.35294117647058826,25,0.4,0.25,0.23529411764705882,False,0.47058823529411764,0.7941176470588235,17,0.5882352941176471,0.5588235294117647
fc_openrouter_llama_4_maverick,traj_016,270,0.8333333333333333,0.7894736842105263,0.8823529411764706,17,0.29411764705882354,18,0.27777777777777773,0.2631578947368421,0.29411764705882354,25,0.44,0.13333333333333333,0.11764705882352941,False,0.5294117647058824,0.8235294117647058,17,0.7647058823529411,0.5588235294117647
fc_openrouter_llama_4_maverick,traj_016,285,0.7058823529411764,0.6,0.8571428571428571,14,0.21428571428571427,15,0.1764705882352941,0.15,0.21428571428571427,25,0.36,0.2727272727272727,0.21428571428571427,False,0.4411764705882353,0.9117647058823529,20,0.6,0.4411764705882353
fc_openrouter_llama_4_maverick,traj_016,300,0.7499999999999999,0.631578947368421,0.9230769230769231,13,0.23076923076923078,17,0.18749999999999997,0.15789473684210525,0.23076923076923078,25,0.44,0.2727272727272727,0.23076923076923078,False,0.5,0.9411764705882353,21,0.6666666666666666,0.5294117647058824
fc_openrouter_llama_4_maverick,traj_017,15,0.0,0.0,0.0,5,0.0,29,0.0,0.0,0.0,25,0.8,,0.0,False,0.8529411764705882,0.9117647058823529,29,1.0,0.9411764705882353
fc_openrouter_llama_4_maverick,traj_017,30,0.9090909090909091,0.8333333333333334,1.0,5,0.4,30,0.3636363636363636,0.3333333333333333,0.4,25,0.88,0.75,0.6,False,0.8823529411764706,0.9117647058823529,29,0.9655172413793104,0.9411764705882353
fc_openrouter_llama_4_maverick,traj_017,45,0.7692307692307693,0.625,1.0,5,0.0,26,0.0,0.0,0.0,25,0.76,0.6666666666666666,0.8,False,0.7647058823529411,0.9117647058823529,29,0.896551724137931,0.7647058823529411
fc_openrouter_llama_4_maverick,traj_017,60,0.0,0.0,0.0,6,0.0,0,0.0,0.0,0.0,25,0.0,,0.0,False,0.0,0.0,28,0.0,0.0
fc_openrouter_llama_4_maverick,traj_017,75,0.7499999999999999,0.6,1.0,6,0.0,24,0.0,0.0,0.0,25,0.68,0.6666666666666666,0.6666666666666666,False,0.7058823529411765,0.7647058823529411,28,0.8571428571428571,0.7352941176470589
fc_openrouter_llama_4_maverick,traj_017,90,0.7692307692307692,0.7142857142857143,0.8333333333333334,6,0.0,26,0.0,0.0,0.0,25,0.76,0.0,0.0,False,0.7647058823529411,0.8823529411764706,28,0.9285714285714286,0.7647058823529411
fc_openrouter_llama_4_maverick,traj_017,105,0.7499999999999999,0.6,1.0,6,0.0,24,0.0,0.0,0.0,25,0.68,0.0,0.0,False,0.7058823529411765,0.8529411764705882,28,0.8571428571428571,0.7058823529411765
fc_openrouter_llama_4_maverick,traj_017,120,0.7777777777777778,0.6363636363636364,1.0,7,0.2857142857142857,25,0.2222222222222222,0.18181818181818182,0.2857142857142857,25,0.72,0.42857142857142855,0.42857142857142855,False,0.7352941176470589,0.8529411764705882,27,0.8518518518518519,0.7352941176470589
fc_openrouter_llama_4_maverick,traj_017,135,0.7777777777777778,0.6363636363636364,1.0,7,0.2857142857142857,25,0.2222222222222222,0.18181818181818182,0.2857142857142857,25,0.72,0.42857142857142855,0.42857142857142855,False,0.7352941176470589,0.8823529411764706,27,0.8518518518518519,0.7647058823529411
fc_openrouter_llama_4_maverick,traj_017,150,0.5,0.375,0.75,4,0.25,26,0.16666666666666666,0.125,0.25,25,0.76,0.3333333333333333,0.25,False,0.7647058823529411,0.9117647058823529,30,0.8333333333333334,0.7647058823529411
fc_openrouter_llama_4_maverick,traj_017,165,0.375,0.375,0.375,8,0.0,21,0.0,0.0,0.0,25,0.56,0.0,0.0,False,0.6176470588235294,0.8235294117647058,26,0.8076923076923077,0.6176470588235294
fc_openrouter_llama_4_maverick,traj_017,180,0.6956521739130435,0.5714285714285714,0.8888888888888888,9,0.3333333333333333,22,0.2608695652173913,0.21428571428571427,0.3333333333333333,25,0.64,0.4444444444444444,0.4444444444444444,False,0.6470588235294118,0.8823529411764706,25,0.76,0.6470588235294118
fc_openrouter_llama_4_maverick,traj_017,195,0.8148148148148148,0.6875,1.0,11,0.6363636363636364,25,0.5185185185185185,0.4375,0.6363636363636364,25,0.76,0.3,0.2727272727272727,False,0.7352941176470589,0.8823529411764706,23,0.782608695652174,0.7352941176470589
fc_openrouter_llama_4_maverick,traj_017,210,0.7222222222222222,0.5652173913043478,1.0,13,0.6923076923076923,20,0.5,0.391304347826087,0.6923076923076923,25,0.6,0.4166666666666667,0.38461538461538464,False,0.5882352941176471,0.7352941176470589,21,0.5238095238095238,0.7941176470588235
fc_openrouter_llama_4_maverick,traj_017,225,0.8750000000000001,0.7777777777777778,1.0,14,0.7142857142857143,26,0.6250000000000001,0.5555555555555556,0.7142857142857143,25,0.8,0.5,0.5,False,0.7647058823529411,0.9117647058823529,20,0.8,0.7941176470588235
fc_openrouter_llama_4_maverick,traj_017,240,0.7857142857142857,0.7857142857142857,0.7857142857142857,14,0.5714285714285714,25,0.5714285714285714,0.5714285714285714,0.5714285714285714,25,0.72,0.5384615384615384,0.5,False,0.7352941176470589,0.8823529411764706,20,0.85,0.7647058823529411
fc_openrouter_llama_4_maverick,traj_017,255,0.8387096774193548,0.7222222222222222,1.0,13,0.7692307692307693,26,0.6451612903225806,0.5555555555555556,0.7692307692307693,25,0.8,0.375,0.46153846153846156,False,0.7647058823529411,0.9411764705882353,21,0.7619047619047619,0.7941176470588235
fc_openrouter_llama_4_maverick,traj_017,270,0.8666666666666666,0.7647058823529411,1.0,13,0.6923076923076923,26,0.5999999999999999,0.5294117647058824,0.6923076923076923,25,0.8,0.38461538461538464,0.38461538461538464,False,0.7647058823529411,0.9705882352941176,21,0.8095238095238095,0.7941176470588235
fc_openrouter_llama_4_maverick,traj_017,285,0.8666666666666666,0.7647058823529411,1.0,13,0.7692307692307693,27,0.6666666666666667,0.5882352941176471,0.7692307692307693,25,0.84,0.46153846153846156,0.46153846153846156,False,0.7941176470588235,0.9411764705882353,21,0.8095238095238095,0.8529411764705882
fc_openrouter_llama_4_maverick,traj_017,300,0.7200000000000001,0.8181818181818182,0.6428571428571429,14,0.0,18,0.0,0.0,0.0,25,0.44,0.4444444444444444,0.2857142857142857,False,0.5294117647058824,0.5882352941176471,20,0.9,0.7058823529411765
fc_openrouter_llama_4_maverick,traj_018,15,0.6666666666666666,0.5,1.0,1,0.0,32,0.0,0.0,0.0,25,0.96,0.5,1.0,False,0.9411764705882353,0.9411764705882353,33,0.9696969696969697,1.0
fc_openrouter_llama_4_maverick,traj_018,30,0.6666666666666666,1.0,0.5,2,0.0,32,0.0,0.0,0.0,25,0.92,1.0,0.5,False,0.9411764705882353,0.9705882352941176,32,1.0,0.9705882352941176
fc_openrouter_llama_4_maverick,traj_018,45,0.8750000000000001,0.7777777777777778,1.0,7,0.2857142857142857,27,0.25,0.2222222222222222,0.2857142857142857,25,0.8,0.8571428571428571,0.8571428571428571,False,0.7941176470588235,0.8823529411764706,27,0.9259259259259259,0.8235294117647058
fc_openrouter_llama_4_maverick,traj_018,60,0.8571428571428571,0.75,1.0,6,0.3333333333333333,28,0.28571428571428575,0.25,0.3333333333333333,25,0.84,0.3333333333333333,0.3333333333333333,False,0.8235294117647058,0.8823529411764706,28,0.9285714285714286,0.8529411764705882
fc_openrouter_llama_4_maverick,traj_018,75,0.7999999999999999,0.75,0.8571428571428571,7,0.2857142857142857,27,0.26666666666666666,0.25,0.2857142857142857,25,0.8,0.42857142857142855,0.42857142857142855,False,0.7941176470588235,0.8823529411764706,27,0.9259259259259259,0.8235294117647058
fc_openrouter_llama_4_maverick,traj_018,90,0.8571428571428571,0.75,1.0,6,0.3333333333333333,28,0.28571428571428575,0.25,0.3333333333333333,25,0.84,0.5,0.5,False,0.8235294117647058,0.8823529411764706,28,0.9285714285714286,0.8529411764705882
fc_openrouter_llama_4_maverick,traj_018,105,0.5454545454545454,0.375,1.0,3,0.0,26,0.0,0.0,0.0,25,0.76,0.3333333333333333,0.3333333333333333,False,0.7647058823529411,0.9705882352941176,31,0.8387096774193549,0.7941176470588235
fc_openrouter_llama_4_maverick,traj_018,120,0.7692307692307693,0.625,1.0,5,0.0,26,0.0,0.0,0.0,25,0.76,0.2,0.2,False,0.7647058823529411,0.9411764705882353,29,0.896551724137931,0.7941176470588235
fc_openrouter_llama_4_maverick,traj_018,135,0.8,0.6666666666666666,1.0,6,0.16666666666666666,26,0.13333333333333333,0.1111111111111111,0.16666666666666666,25,0.76,0.3333333333333333,0.3333333333333333,False,0.7647058823529411,0.9411764705882353,28,0.8928571428571429,0.7941176470588235
fc_openrouter_llama_4_maverick,traj_018,150,0.8,0.6666666666666666,1.0,10,0.6,25,0.48,0.4,0.6,25,0.76,0.6,0.6,False,0.7352941176470589,0.9117647058823529,24,0.7916666666666666,0.7941176470588235
fc_openrouter_llama_4_maverick,traj_018,165,0.8,0.6666666666666666,1.0,10,0.6,25,0.48,0.4,0.6,25,0.76,0.5,0.5,False,0.7352941176470589,0.9117647058823529,24,0.7916666666666666,0.7647058823529411
fc_openrouter_llama_4_maverick,traj_018,180,0.6666666666666666,0.5,1.0,11,0.0,12,0.0,0.0,0.0,25,0.28,0.45454545454545453,0.45454545454545453,False,0.35294117647058826,0.38235294117647056,23,0.5217391304347826,0.7352941176470589
fc_openrouter_llama_4_maverick,traj_018,195,0.16666666666666669,1.0,0.09090909090909091,11,0.0,23,0.0,0.0,0.0,25,0.56,0.0,0.0,False,0.6764705882352942,0.9117647058823529,23,1.0,0.6764705882352942
fc_openrouter_llama_4_maverick,traj_018,210,0.7407407407407406,0.625,0.9090909090909091,11,0.0,17,0.0,0.0,0.0,25,0.44,0.2222222222222222,0.18181818181818182,False,0.5,0.5294117647058824,23,0.7391304347826086,0.7058823529411765
fc_openrouter_llama_4_maverick,traj_018,225,0.6923076923076923,0.6,0.8181818181818182,11,0.0,17,0.0,0.0,0.0,25,0.44,0.18181818181818182,0.18181818181818182,False,0.5,0.5882352941176471,23,0.7391304347826086,0.6764705882352942
fc_openrouter_llama_4_maverick,traj_018,240,0.6923076923076924,0.5294117647058824,1.0,9,0.4444444444444444,21,0.30769230769230765,0.23529411764705882,0.4444444444444444,25,0.64,0.3333333333333333,0.3333333333333333,False,0.6176470588235294,0.8529411764705882,25,0.68,0.7058823529411765
fc_openrouter_llama_4_maverick,traj_018,255,0.8181818181818181,0.6923076923076923,1.0,9,0.6666666666666666,27,0.5454545454545455,0.46153846153846156,0.6666666666666666,25,0.84,0.4444444444444444,0.4444444444444444,False,0.7941176470588235,0.9411764705882353,25,0.84,0.8235294117647058
fc_openrouter_llama_4_maverick,traj_018,270,0.8181818181818181,0.6923076923076923,1.0,9,0.5555555555555556,25,0.4545454545454546,0.38461538461538464,0.5555555555555556,25,0.8,0.3333333333333333,0.3333333333333333,False,0.7352941176470589,0.9411764705882353,25,0.8,0.7352941176470589
fc_openrouter_llama_4_maverick,traj_018,285,0.6666666666666666,0.5,1.0,9,0.0,15,0.0,0.0,0.0,25,0.44,0.1111111111111111,0.1111111111111111,False,0.4411764705882353,0.47058823529411764,25,0.6,0.7941176470588235
fc_openrouter_llama_4_maverick,traj_018,300,0.6666666666666666,0.5,1.0,9,0.0,15,0.0,0.0,0.0,25,0.44,0.1111111111111111,0.1111111111111111,False,0.4411764705882353,0.47058823529411764,25,0.6,0.7352941176470589
fc_openrouter_llama_4_maverick,traj_019,15,0.3333333333333333,0.5,0.25,4,0.0,29,0.0,0.0,0.0,25,0.84,1.0,0.25,False,0.8529411764705882,0.8823529411764706,30,0.9666666666666667,0.9411764705882353
fc_openrouter_llama_4_maverick,traj_019,30,0.7692307692307693,0.625,1.0,5,0.8,30,0.6153846153846154,0.5,0.8,25,0.92,0.3333333333333333,0.2,False,0.8823529411764706,0.9411764705882353,29,0.896551724137931,0.9411764705882353
fc_openrouter_llama_4_maverick,traj_019,45,0.7499999999999999,0.6,1.0,6,0.5,27,0.37499999999999994,0.3,0.5,25,0.84,0.5,0.5,False,0.7941176470588235,0.9411764705882353,28,0.8571428571428571,0.7941176470588235
fc_openrouter_llama_4_maverick,traj_019,60,0.4615384615384615,0.3,1.0,3,1.0,27,0.4615384615384615,0.3,1.0,25,0.84,0.75,1.0,False,0.7941176470588235,1.0,31,0.7741935483870968,0.7941176470588235
fc_openrouter_llama_4_maverick,traj_019,75,0.7142857142857143,0.5555555555555556,1.0,5,0.0,25,0.0,0.0,0.0,25,0.76,0.4,0.4,False,0.7352941176470589,0.7647058823529411,29,0.8620689655172413,0.8529411764705882
fc_openrouter_llama_4_maverick,traj_019,90,0.7058823529411764,0.5454545454545454,1.0,6,0.8333333333333334,28,0.5882352941176471,0.45454545454545453,0.8333333333333334,25,0.88,0.5,0.5,False,0.8235294117647058,0.9705882352941176,28,0.8214285714285714,0.8235294117647058
fc_openrouter_llama_4_maverick,traj_019,105,0.7272727272727273,0.5714285714285714,1.0,8,0.625,25,0.45454545454545453,0.35714285714285715,0.625,25,0.8,0.3076923076923077,0.5,False,0.7352941176470589,0.9117647058823529,26,0.7692307692307693,0.7647058823529411
fc_openrouter_llama_4_maverick,traj_019,120,0.7741935483870968,0.631578947368421,1.0,12,0.75,24,0.5806451612903226,0.47368421052631576,0.75,25,0.76,0.6923076923076923,0.75,False,0.7058823529411765,0.9117647058823529,22,0.6818181818181818,0.7647058823529411
fc_openrouter_llama_4_maverick,traj_019,135,0.7741935483870968,0.631578947368421,1.0,12,0.75,24,0.5806451612903226,0.47368421052631576,0.75,25,0.76,0.5714285714285714,0.6666666666666666,False,0.7058823529411765,0.9117647058823529,22,0.6818181818181818,0.7647058823529411
fc_openrouter_llama_4_maverick,traj_019,150,0.7741935483870968,0.631578947368421,1.0,12,0.6666666666666666,23,0.5161290322580646,0.42105263157894735,0.6666666666666666,25,0.68,0.5,0.6666666666666666,False,0.6764705882352942,0.8529411764705882,22,0.6818181818181818,0.7647058823529411
fc_openrouter_llama_4_maverick,traj_019,165,0.787878787878788,0.65,1.0,13,0.38461538461538464,19,0.30303030303030304,0.25,0.38461538461538464,25,0.56,0.38461538461538464,0.38461538461538464,False,0.5588235294117647,0.8823529411764706,21,0.6666666666666666,0.6176470588235294
fc_openrouter_llama_4_maverick,traj_019,180,0.7741935483870968,0.631578947368421,1.0,12,0.5,21,0.3870967741935484,0.3157894736842105,0.5,25,0.64,0.6666666666666666,0.6666666666666666,False,0.6176470588235294,0.8529411764705882,22,0.6818181818181818,0.7352941176470589
fc_openrouter_llama_4_maverick,traj_019,195,0.8,0.6666666666666666,1.0,12,0.5,22,0.4,0.3333333333333333,0.5,25,0.64,0.5,0.5,False,0.6470588235294118,0.8529411764705882,22,0.7272727272727273,0.7647058823529411
fc_openrouter_llama_4_maverick,traj_019,210,0.7272727272727273,0.5714285714285714,1.0,8,0.5,24,0.36363636363636365,0.2857142857142857,0.5,25,0.76,0.375,0.375,False,0.7058823529411765,0.9117647058823529,26,0.7692307692307693,0.7352941176470589
fc_openrouter_llama_4_maverick,traj_019,225,0.5925925925925926,0.42105263157894735,1.0,8,0.75,21,0.44444444444444436,0.3157894736842105,0.75,25,0.64,0.5,0.5,False,0.6176470588235294,0.9117647058823529,26,0.5769230769230769,0.6764705882352942
fc_openrouter_llama_4_maverick,traj_019,240,0.8,0.6666666666666666,1.0,12,0.5833333333333334,23,0.4666666666666666,0.3888888888888889,0.5833333333333334,25,0.68,0.5,0.5,False,0.6764705882352942,0.8529411764705882,22,0.7272727272727273,0.7647058823529411
fc_openrouter_llama_4_maverick,traj_019,255,0.7741935483870968,0.631578947368421,1.0,12,0.5833333333333334,22,0.4516129032258065,0.3684210526315789,0.5833333333333334,25,0.68,0.5,0.75,False,0.6470588235294118,0.8823529411764706,22,0.6818181818181818,0.7352941176470589
fc_openrouter_llama_4_maverick,traj_019,270,0.7741935483870968,0.631578947368421,1.0,12,0.6666666666666666,23,0.5161290322580646,0.42105263157894735,0.6666666666666666,25,0.72,0.75,0.75,False,0.6764705882352942,0.8823529411764706,22,0.6818181818181818,0.7647058823529411
fc_openrouter_llama_4_maverick,traj_019,285,0.7741935483870968,0.631578947368421,1.0,12,0.5833333333333334,22,0.4516129032258065,0.3684210526315789,0.5833333333333334,25,0.68,0.6666666666666666,0.6666666666666666,False,0.6470588235294118,0.8529411764705882,22,0.6818181818181818,0.7647058823529411
fc_openrouter_llama_4_maverick,traj_019,300,0.782608695652174,0.6428571428571429,1.0,9,0.7777777777777778,27,0.6086956521739131,0.5,0.7777777777777778,25,0.84,0.6666666666666666,0.6666666666666666,False,0.7941176470588235,0.9411764705882353,25,0.8,0.8235294117647058
fc_openrouter_llama_4_maverick,traj_020,15,0.9090909090909091,0.8333333333333334,1.0,5,0.2,29,0.1818181818181818,0.16666666666666666,0.2,25,0.84,1.0,1.0,False,0.8529411764705882,0.9117647058823529,29,0.9655172413793104,0.8529411764705882
fc_openrouter_llama_4_maverick,traj_020,30,0.8571428571428571,0.75,1.0,6,0.3333333333333333,28,0.28571428571428575,0.25,0.3333333333333333,25,0.84,0.8333333333333334,0.8333333333333334,False,0.8235294117647058,0.9117647058823529,28,0.9285714285714286,0.8235294117647058
fc_openrouter_llama_4_maverick,traj_020,45,0.7692307692307693,0.625,1.0,10,0.6,24,0.4615384615384615,0.375,0.6,25,0.76,0.8181818181818182,0.9,False,0.7058823529411765,0.8529411764705882,24,0.75,0.7647058823529411
fc_openrouter_llama_4_maverick,traj_020,60,0.8333333333333333,0.7692307692307693,0.9090909090909091,11,0.5454545454545454,26,0.4999999999999999,0.46153846153846156,0.5454545454545454,25,0.8,0.5625,0.8181818181818182,False,0.7647058823529411,0.8823529411764706,23,0.8695652173913043,0.7647058823529411
fc_openrouter_llama_4_maverick,traj_020,75,0.7857142857142858,0.6470588235294118,1.0,11,0.45454545454545453,22,0.35714285714285715,0.29411764705882354,0.45454545454545453,25,0.68,0.6,0.8181818181818182,False,0.6470588235294118,0.7941176470588235,23,0.7391304347826086,0.7647058823529411
fc_openrouter_llama_4_maverick,traj_020,90,0.8148148148148148,0.6875,1.0,11,0.6363636363636364,25,0.5185185185185185,0.4375,0.6363636363636364,25,0.76,0.4090909090909091,0.8181818181818182,False,0.7352941176470589,0.8235294117647058,23,0.782608695652174,0.8235294117647058
fc_openrouter_llama_4_maverick,traj_020,105,0.88,0.7857142857142857,1.0,11,0.6363636363636364,27,0.56,0.5,0.6363636363636364,25,0.84,0.6363636363636364,0.6363636363636364,False,0.7941176470588235,0.8823529411764706,23,0.8695652173913043,0.8235294117647058
fc_openrouter_llama_4_maverick,traj_020,120,0.88,0.7857142857142857,1.0,11,0.7272727272727273,28,0.64,0.5714285714285714,0.7272727272727273,25,0.88,0.24,0.5454545454545454,False,0.8235294117647058,0.9117647058823529,23,0.8695652173913043,0.8235294117647058
fc_openrouter_llama_4_maverick,traj_020,135,0.8421052631578948,0.7272727272727273,1.0,8,0.625,28,0.5263157894736842,0.45454545454545453,0.625,25,0.88,0.5,0.625,False,0.8235294117647058,0.9117647058823529,26,0.8846153846153846,0.8235294117647058
fc_openrouter_llama_4_maverick,traj_020,150,0.7096774193548387,0.55,1.0,11,0.5454545454545454,20,0.3870967741935483,0.3,0.5454545454545454,25,0.6,0.7272727272727273,0.7272727272727273,False,0.5882352941176471,0.8529411764705882,23,0.6086956521739131,0.6470588235294118
fc_openrouter_llama_4_maverick,traj_020,165,0.7142857142857143,0.625,0.8333333333333334,12,0.5833333333333334,23,0.5,0.4375,0.5833333333333334,25,0.68,0.28,0.5833333333333334,False,0.6764705882352942,0.8823529411764706,22,0.7272727272727273,0.7058823529411765
fc_openrouter_llama_4_maverick,traj_020,180,0.8275862068965518,0.8,0.8571428571428571,14,0.5714285714285714,25,0.5517241379310344,0.5333333333333333,0.5714285714285714,25,0.76,0.625,0.35714285714285715,False,0.7352941176470589,0.8529411764705882,20,0.85,0.7647058823529411
fc_openrouter_llama_4_maverick,traj_020,195,0.7647058823529413,0.6842105263157895,0.8666666666666667,15,0.6666666666666666,23,0.5882352941176471,0.5263157894736842,0.6666666666666666,25,0.72,0.6,0.6,False,0.6764705882352942,0.8529411764705882,19,0.6842105263157895,0.7058823529411765
fc_openrouter_llama_4_maverick,traj_020,210,0.7878787878787877,0.7222222222222222,0.8666666666666667,15,0.6,23,0.5454545454545454,0.5,0.6,25,0.72,0.6,0.6,False,0.6764705882352942,0.8823529411764706,19,0.7368421052631579,0.7058823529411765
fc_openrouter_llama_4_maverick,traj_020,225,0.7741935483870969,0.75,0.8,15,0.4666666666666667,21,0.45161290322580644,0.4375,0.4666666666666667,25,0.6,0.14814814814814814,0.26666666666666666,False,0.6176470588235294,0.8529411764705882,19,0.7368421052631579,0.6470588235294118
fc_openrouter_llama_4_maverick,traj_020,240,0.7999999999999999,0.7368421052631579,0.875,16,0.625,23,0.5714285714285714,0.5263157894736842,0.625,25,0.72,0.6428571428571429,0.5625,False,0.6764705882352942,0.8529411764705882,18,0.7222222222222222,0.7058823529411765
fc_openrouter_llama_4_maverick,traj_020,255,0.8333333333333334,0.75,0.9375,16,0.6875,24,0.6111111111111112,0.55,0.6875,25,0.72,0.6,0.5625,False,0.7058823529411765,0.8823529411764706,18,0.7222222222222222,0.7058823529411765
fc_openrouter_llama_4_maverick,traj_020,270,0.8372093023255814,0.75,0.9473684210526315,19,0.631578947368421,21,0.5581395348837209,0.5,0.631578947368421,25,0.64,0.7058823529411765,0.631578947368421,False,0.6176470588235294,0.7647058823529411,15,0.6,0.7058823529411765
fc_openrouter_llama_4_maverick,traj_020,285,0.7659574468085106,0.6428571428571429,0.9473684210526315,19,0.10526315789473684,7,0.0851063829787234,0.07142857142857142,0.10526315789473684,25,0.16,0.6666666666666666,0.5263157894736842,False,0.20588235294117646,0.3235294117647059,15,0.3333333333333333,0.6176470588235294
fc_openrouter_llama_4_maverick,traj_020,300,0.8500000000000001,0.8095238095238095,0.8947368421052632,19,0.5263157894736842,21,0.5,0.47619047619047616,0.5263157894736842,25,0.6,0.3684210526315789,0.3684210526315789,False,0.6176470588235294,0.7941176470588235,15,0.7333333333333333,0.6470588235294118
